,1,2,3,4,5,6,7,8,9,10,11
0,1.0,1.0,1.0,1.0,1.0,1.0,1.49646643119541,1.0,1.49646643119541,1.49646643119541,1.49646643119541
1,1.0,1.0,1.0,1.0,1.0,1.49646643119541,1.0,1.49646643119541,1.49646643119541,1.49646643119541,1.49646643119541
2,1.0,1.0,1.0,1.0,1.49646643119541,1.0,1.49646643119541,1.49646643119541,1.49646643119541,1.49646643119541,1.0
3,1.0,1.0,1.0,1.49646643119541,1.0,1.49646643119541,1.49646643119541,1.49646643119541,1.49646643119541,1.0,1.49646643119541
4,1.0,1.0,1.49646643119541,1.0,1.49646643119541,1.49646643119541,1.49646643119541,1.49646643119541,1.0,1.49646643119541,1.49646643119541
5,1.0,1.49646643119541,1.0,1.49646643119541,1.49646643119541,1.49646643119541,1.49646643119541,1.0,1.49646643119541,1.49646643119541,1.49646643119541
6,1.49646643119541,1.0,1.49646643119541,1.49646643119541,1.49646643119541,1.49646643119541,1.0,1.49646643119541,1.49646643119541,1.49646643119541,1.0
7,1.0,1.49646643119541,1.49646643119541,1.49646643119541,1.49646643119541,1.0,1.49646643119541,1.49646643119541,1.49646643119541,1.0,1.49646643119541
8,1.49646643119541,1.49646643119541,1.49646643119541,1.49646643119541,1.0,1.49646643119541,1.49646643119541,1.49646643119541,1.0,1.49646643119541,1.49646643119541
9,1.49646643119541,1.49646643119541,1.49646643119541,1.0,1.49646643119541,1.49646643119541,1.49646643119541,1.0,1.49646643119541,1.49646643119541,1.49646643119541
10,1.49646643119541,1.49646643119541,1.0,1.49646643119541,1.49646643119541,1.49646643119541,1.0,1.49646643119541,1.49646643119541,1.49646643119541,1.49646643119541
11,1.49646643119541,1.0,1.49646643119541,1.49646643119541,1.49646643119541,1.0,1.49646643119541,1.49646643119541,1.49646643119541,1.49646643119541,1.0
12,1.0,1.49646643119541,1.49646643119541,1.49646643119541,1.0,1.49646643119541,1.49646643119541,1.49646643119541,1.49646643119541,1.0,1.0
13,1.49646643119541,1.49646643119541,1.49646643119541,1.0,1.49646643119541,1.49646643119541,1.49646643119541,1.49646643119541,1.0,1.0,1.0
14,1.49646643119541,1.49646643119541,1.0,1.49646643119541,1.49646643119541,1.49646643119541,1.49646643119541,1.0,1.0,1.0,1.0
15,1.49646643119541,1.0,1.49646643119541,1.49646643119541,1.49646643119541,1.49646643119541,1.0,1.0,1.0,1.0,1.0
16,1.0,1.49646643119541,1.49646643119541,1.49646643119541,1.49646643119541,1.0,1.0,1.0,1.0,1.0,1.0
17,1.49646643119541,1.49646643119541,1.49646643119541,1.49646643119541,1.0,1.0,1.0,1.0,1.0,1.0,1.0
18,1.49646643119541,1.49646643119541,1.49646643119541,1.0,1.0,1.0,1.0,1.0,1.0,1.0,1.0
19,1.49646643119541,1.49646643119541,1.0,1.0,1.0,1.0,1.0,1.0,1.0,1.0,1.0
20,1.49646643119541,1.0,1.0,1.0,1.0,1.0,1.0,1.0,1.0,1.0,1.6617773851591102
21,1.0,1.0,1.0,1.0,1.0,1.0,1.0,1.0,1.0,1.6617773851591102,1.6617773851591102
22,1.0,1.0,1.0,1.0,1.0,1.0,1.0,1.0,1.6617773851591102,1.6617773851591102,1.6617773851591102
23,1.0,1.0,1.0,1.0,1.0,1.0,1.0,1.6617773851591102,1.6617773851591102,1.6617773851591102,1.6617773851591102
24,1.0,1.0,1.0,1.0,1.0,1.0,1.6617773851591102,1.6617773851591102,1.6617773851591102,1.6617773851591102,1.6617773851591102
25,1.0,1.0,1.0,1.0,1.0,1.6617773851591102,1.6617773851591102,1.6617773851591102,1.6617773851591102,1.6617773851591102,1.6617773851591102
26,1.0,1.0,1.0,1.0,1.6617773851591102,1.6617773851591102,1.6617773851591102,1.6617773851591102,1.6617773851591102,1.6617773851591102,1.6617773851591102
27,1.0,1.0,1.0,1.6617773851591102,1.6617773851591102,1.6617773851591102,1.6617773851591102,1.6617773851591102,1.6617773851591102,1.6617773851591102,1.0
28,1.0,1.0,1.6617773851591102,1.6617773851591102,1.6617773851591102,1.6617773851591102,1.6617773851591102,1.6617773851591102,1.6617773851591102,1.0,1.6617773851591102
29,1.0,1.6617773851591102,1.6617773851591102,1.6617773851591102,1.6617773851591102,1.6617773851591102,1.6617773851591102,1.6617773851591102,1.0,1.6617773851591102,1.6617773851591102
30,1.6617773851591102,1.6617773851591102,1.6617773851591102,1.6617773851591102,1.6617773851591102,1.6617773851591102,1.6617773851591102,1.0,1.6617773851591102,1.6617773851591102,1.6617773851591102
31,1.6617773851591102,1.6617773851591102,1.6617773851591102,1.6617773851591102,1.6617773851591102,1.6617773851591102,1.0,1.6617773851591102,1.6617773851591102,1.6617773851591102,1.0
32,1.6617773851591102,1.6617773851591102,1.6617773851591102,1.6617773851591102,1.6617773851591102,1.0,1.6617773851591102,1.6617773851591102,1.6617773851591102,1.0,1.0
33,1.6617773851591102,1.6617773851591102,1.6617773851591102,1.6617773851591102,1.0,1.6617773851591102,1.6617773851591102,1.6617773851591102,1.0,1.0,1.6617773851591102
34,1.6617773851591102,1.6617773851591102,1.6617773851591102,1.0,1.6617773851591102,1.6617773851591102,1.6617773851591102,1.0,1.0,1.6617773851591102,1.6617773851591102
35,1.6617773851591102,1.6617773851591102,1.0,1.6617773851591102,1.6617773851591102,1.6617773851591102,1.0,1.0,1.6617773851591102,1.6617773851591102,1.0
36,1.6617773851591102,1.0,1.6617773851591102,1.6617773851591102,1.6617773851591102,1.0,1.0,1.6617773851591102,1.6617773851591102,1.0,1.0
37,1.0,1.6617773851591102,1.6617773851591102,1.6617773851591102,1.0,1.0,1.6617773851591102,1.6617773851591102,1.0,1.0,1.99823321554771
38,1.6617773851591102,1.6617773851591102,1.6617773851591102,1.0,1.0,1.6617773851591102,1.6617773851591102,1.0,1.0,1.99823321554771,1.99823321554771
39,1.6617773851591102,1.6617773851591102,1.0,1.0,1.6617773851591102,1.6617773851591102,1.0,1.0,1.99823321554771,1.99823321554771,1.99823321554771
40,1.6617773851591102,1.0,1.0,1.6617773851591102,1.6617773851591102,1.0,1.0,1.99823321554771,1.99823321554771,1.99823321554771,1.99823321554771
41,1.0,1.0,1.6617773851591102,1.6617773851591102,1.0,1.0,1.99823321554771,1.99823321554771,1.99823321554771,1.99823321554771,1.99823321554771
42,1.0,1.6617773851591102,1.6617773851591102,1.0,1.0,1.99823321554771,1.99823321554771,1.99823321554771,1.99823321554771,1.99823321554771,1.99823321554771
43,1.6617773851591102,1.6617773851591102,1.0,1.0,1.99823321554771,1.99823321554771,1.99823321554771,1.99823321554771,1.99823321554771,1.99823321554771,1.0
44,1.6617773851591102,1.0,1.0,1.99823321554771,1.99823321554771,1.99823321554771,1.99823321554771,1.99823321554771,1.99823321554771,1.0,1.99823321554771
45,1.0,1.0,1.99823321554771,1.99823321554771,1.99823321554771,1.99823321554771,1.99823321554771,1.99823321554771,1.0,1.99823321554771,1.99823321554771
46,1.0,1.99823321554771,1.99823321554771,1.99823321554771,1.99823321554771,1.99823321554771,1.99823321554771,1.0,1.99823321554771,1.99823321554771,1.99823321554771
47,1.99823321554771,1.99823321554771,1.99823321554771,1.99823321554771,1.99823321554771,1.99823321554771,1.0,1.99823321554771,1.99823321554771,1.99823321554771,1.99823321554771
48,1.99823321554771,1.99823321554771,1.99823321554771,1.99823321554771,1.99823321554771,1.0,1.99823321554771,1.99823321554771,1.99823321554771,1.99823321554771,1.0
49,1.99823321554771,1.99823321554771,1.99823321554771,1.99823321554771,1.0,1.99823321554771,1.99823321554771,1.99823321554771,1.99823321554771,1.0,1.99823321554771
50,1.99823321554771,1.99823321554771,1.99823321554771,1.0,1.99823321554771,1.99823321554771,1.99823321554771,1.99823321554771,1.0,1.99823321554771,1.99823321554771
51,1.99823321554771,1.99823321554771,1.0,1.99823321554771,1.99823321554771,1.99823321554771,1.99823321554771,1.0,1.99823321554771,1.99823321554771,1.99823321554771
52,1.99823321554771,1.0,1.99823321554771,1.99823321554771,1.99823321554771,1.99823321554771,1.0,1.99823321554771,1.99823321554771,1.99823321554771,1.0
53,1.0,1.99823321554771,1.99823321554771,1.99823321554771,1.99823321554771,1.0,1.99823321554771,1.99823321554771,1.99823321554771,1.0,1.99823321554771
54,1.99823321554771,1.99823321554771,1.99823321554771,1.99823321554771,1.0,1.99823321554771,1.99823321554771,1.99823321554771,1.0,1.99823321554771,1.99823321554771
55,1.99823321554771,1.99823321554771,1.99823321554771,1.0,1.99823321554771,1.99823321554771,1.99823321554771,1.0,1.99823321554771,1.99823321554771,1.99823321554771
56,1.99823321554771,1.99823321554771,1.0,1.99823321554771,1.99823321554771,1.99823321554771,1.0,1.99823321554771,1.99823321554771,1.99823321554771,1.0
57,1.99823321554771,1.0,1.99823321554771,1.99823321554771,1.99823321554771,1.0,1.99823321554771,1.99823321554771,1.99823321554771,1.0,1.99823321554771
58,1.0,1.99823321554771,1.99823321554771,1.99823321554771,1.0,1.99823321554771,1.99823321554771,1.99823321554771,1.0,1.99823321554771,1.99823321554771
59,1.99823321554771,1.99823321554771,1.99823321554771,1.0,1.99823321554771,1.99823321554771,1.99823321554771,1.0,1.99823321554771,1.99823321554771,1.0
60,1.99823321554771,1.99823321554771,1.0,1.99823321554771,1.99823321554771,1.99823321554771,1.0,1.99823321554771,1.99823321554771,1.0,1.99823321554771
61,1.99823321554771,1.0,1.99823321554771,1.99823321554771,1.99823321554771,1.0,1.99823321554771,1.99823321554771,1.0,1.99823321554771,1.99823321554771
62,1.0,1.99823321554771,1.99823321554771,1.99823321554771,1.0,1.99823321554771,1.99823321554771,1.0,1.99823321554771,1.99823321554771,1.0
63,1.99823321554771,1.99823321554771,1.99823321554771,1.0,1.99823321554771,1.99823321554771,1.0,1.99823321554771,1.99823321554771,1.0,1.0
64,1.99823321554771,1.99823321554771,1.0,1.99823321554771,1.99823321554771,1.0,1.99823321554771,1.99823321554771,1.0,1.0,1.99823321554771
65,1.99823321554771,1.0,1.99823321554771,1.99823321554771,1.0,1.99823321554771,1.99823321554771,1.0,1.0,1.99823321554771,1.99823321554771
66,1.0,1.99823321554771,1.99823321554771,1.0,1.99823321554771,1.99823321554771,1.0,1.0,1.99823321554771,1.99823321554771,1.99823321554771
67,1.99823321554771,1.99823321554771,1.0,1.99823321554771,1.99823321554771,1.0,1.0,1.99823321554771,1.99823321554771,1.99823321554771,1.99823321554771
68,1.99823321554771,1.0,1.99823321554771,1.99823321554771,1.0,1.0,1.99823321554771,1.99823321554771,1.99823321554771,1.99823321554771,1.0
69,1.0,1.99823321554771,1.99823321554771,1.0,1.0,1.99823321554771,1.99823321554771,1.99823321554771,1.99823321554771,1.0,1.0
70,1.99823321554771,1.99823321554771,1.0,1.0,1.99823321554771,1.99823321554771,1.99823321554771,1.99823321554771,1.0,1.0,1.0
71,1.99823321554771,1.0,1.0,1.99823321554771,1.99823321554771,1.99823321554771,1.99823321554771,1.0,1.0,1.0,1.0
72,1.0,1.0,1.99823321554771,1.99823321554771,1.99823321554771,1.99823321554771,1.0,1.0,1.0,1.0,1.0
73,1.0,1.99823321554771,1.99823321554771,1.99823321554771,1.99823321554771,1.0,1.0,1.0,1.0,1.0,1.0
74,1.99823321554771,1.99823321554771,1.99823321554771,1.99823321554771,1.0,1.0,1.0,1.0,1.0,1.0,1.0
75,1.99823321554771,1.99823321554771,1.99823321554771,1.0,1.0,1.0,1.0,1.0,1.0,1.0,1.0
76,1.99823321554771,1.99823321554771,1.0,1.0,1.0,1.0,1.0,1.0,1.0,1.0,1.0
77,1.99823321554771,1.0,1.0,1.0,1.0,1.0,1.0,1.0,1.0,1.0,1.0
78,1.0,1.0,1.0,1.0,1.0,1.0,1.0,1.0,1.0,1.0,1.0
79,1.0,1.0,1.0,1.0,1.0,1.0,1.0,1.0,1.0,1.0,1.0
80,1.0,1.0,1.0,1.0,1.0,1.0,1.0,1.0,1.0,1.0,1.0
81,1.0,1.0,1.0,1.0,1.0,1.0,1.0,1.0,1.0,1.0,1.0
82,1.0,1.0,1.0,1.0,1.0,1.0,1.0,1.0,1.0,1.0,1.0
83,1.0,1.0,1.0,1.0,1.0,1.0,1.0,1.0,1.0,1.0,1.0
84,1.0,1.0,1.0,1.0,1.0,1.0,1.0,1.0,1.0,1.0,1.1466431195416298
85,1.0,1.0,1.0,1.0,1.0,1.0,1.0,1.0,1.0,1.1466431195416298,1.1466431195416298
86,1.0,1.0,1.0,1.0,1.0,1.0,1.0,1.0,1.1466431195416298,1.1466431195416298,1.1466431195416298
87,1.0,1.0,1.0,1.0,1.0,1.0,1.0,1.1466431195416298,1.1466431195416298,1.1466431195416298,1.1466431195416298
88,1.0,1.0,1.0,1.0,1.0,1.0,1.1466431195416298,1.1466431195416298,1.1466431195416298,1.1466431195416298,1.0
89,1.0,1.0,1.0,1.0,1.0,1.1466431195416298,1.1466431195416298,1.1466431195416298,1.1466431195416298,1.0,1.1466431195416298
90,1.0,1.0,1.0,1.0,1.1466431195416298,1.1466431195416298,1.1466431195416298,1.1466431195416298,1.0,1.1466431195416298,1.1466431195416298
91,1.0,1.0,1.0,1.1466431195416298,1.1466431195416298,1.1466431195416298,1.1466431195416298,1.0,1.1466431195416298,1.1466431195416298,1.1466431195416298
92,1.0,1.0,1.1466431195416298,1.1466431195416298,1.1466431195416298,1.1466431195416298,1.0,1.1466431195416298,1.1466431195416298,1.1466431195416298,1.1466431195416298
93,1.0,1.1466431195416298,1.1466431195416298,1.1466431195416298,1.1466431195416298,1.0,1.1466431195416298,1.1466431195416298,1.1466431195416298,1.1466431195416298,1.0
94,1.1466431195416298,1.1466431195416298,1.1466431195416298,1.1466431195416298,1.0,1.1466431195416298,1.1466431195416298,1.1466431195416298,1.1466431195416298,1.0,1.0
95,1.1466431195416298,1.1466431195416298,1.1466431195416298,1.0,1.1466431195416298,1.1466431195416298,1.1466431195416298,1.1466431195416298,1.0,1.0,1.1466431195416298
96,1.1466431195416298,1.1466431195416298,1.0,1.1466431195416298,1.1466431195416298,1.1466431195416298,1.1466431195416298,1.0,1.0,1.1466431195416298,1.1466431195416298
97,1.1466431195416298,1.0,1.1466431195416298,1.1466431195416298,1.1466431195416298,1.1466431195416298,1.0,1.0,1.1466431195416298,1.1466431195416298,1.1466431195416298
98,1.0,1.1466431195416298,1.1466431195416298,1.1466431195416298,1.1466431195416298,1.0,1.0,1.1466431195416298,1.1466431195416298,1.1466431195416298,1.1466431195416298
99,1.1466431195416298,1.1466431195416298,1.1466431195416298,1.1466431195416298,1.0,1.0,1.1466431195416298,1.1466431195416298,1.1466431195416298,1.1466431195416298,1.1466431195416298
100,1.1466431195416298,1.1466431195416298,1.1466431195416298,1.0,1.0,1.1466431195416298,1.1466431195416298,1.1466431195416298,1.1466431195416298,1.1466431195416298,1.1466431195416298
101,1.1466431195416298,1.1466431195416298,1.0,1.0,1.1466431195416298,1.1466431195416298,1.1466431195416298,1.1466431195416298,1.1466431195416298,1.1466431195416298,1.1466431195416298
102,1.1466431195416298,1.0,1.0,1.1466431195416298,1.1466431195416298,1.1466431195416298,1.1466431195416298,1.1466431195416298,1.1466431195416298,1.1466431195416298,1.0
103,1.0,1.0,1.1466431195416298,1.1466431195416298,1.1466431195416298,1.1466431195416298,1.1466431195416298,1.1466431195416298,1.1466431195416298,1.0,1.1466431195416298
104,1.0,1.1466431195416298,1.1466431195416298,1.1466431195416298,1.1466431195416298,1.1466431195416298,1.1466431195416298,1.1466431195416298,1.0,1.1466431195416298,1.1466431195416298
105,1.1466431195416298,1.1466431195416298,1.1466431195416298,1.1466431195416298,1.1466431195416298,1.1466431195416298,1.1466431195416298,1.0,1.1466431195416298,1.1466431195416298,1.1466431195416298
106,1.1466431195416298,1.1466431195416298,1.1466431195416298,1.1466431195416298,1.1466431195416298,1.1466431195416298,1.0,1.1466431195416298,1.1466431195416298,1.1466431195416298,1.1466431195416298
107,1.1466431195416298,1.1466431195416298,1.1466431195416298,1.1466431195416298,1.1466431195416298,1.0,1.1466431195416298,1.1466431195416298,1.1466431195416298,1.1466431195416298,1.0
108,1.1466431195416298,1.1466431195416298,1.1466431195416298,1.1466431195416298,1.0,1.1466431195416298,1.1466431195416298,1.1466431195416298,1.1466431195416298,1.0,1.0
109,1.1466431195416298,1.1466431195416298,1.1466431195416298,1.0,1.1466431195416298,1.1466431195416298,1.1466431195416298,1.1466431195416298,1.0,1.0,1.99823321554771
110,1.1466431195416298,1.1466431195416298,1.0,1.1466431195416298,1.1466431195416298,1.1466431195416298,1.1466431195416298,1.0,1.0,1.99823321554771,1.99823321554771
111,1.1466431195416298,1.0,1.1466431195416298,1.1466431195416298,1.1466431195416298,1.1466431195416298,1.0,1.0,1.99823321554771,1.99823321554771,1.99823321554771
112,1.0,1.1466431195416298,1.1466431195416298,1.1466431195416298,1.1466431195416298,1.0,1.0,1.99823321554771,1.99823321554771,1.99823321554771,1.99823321554771
113,1.1466431195416298,1.1466431195416298,1.1466431195416298,1.1466431195416298,1.0,1.0,1.99823321554771,1.99823321554771,1.99823321554771,1.99823321554771,1.99823321554771
114,1.1466431195416298,1.1466431195416298,1.1466431195416298,1.0,1.0,1.99823321554771,1.99823321554771,1.99823321554771,1.99823321554771,1.99823321554771,1.99823321554771
115,1.1466431195416298,1.1466431195416298,1.0,1.0,1.99823321554771,1.99823321554771,1.99823321554771,1.99823321554771,1.99823321554771,1.99823321554771,1.99823321554771
116,1.1466431195416298,1.0,1.0,1.99823321554771,1.99823321554771,1.99823321554771,1.99823321554771,1.99823321554771,1.99823321554771,1.99823321554771,1.0
117,1.0,1.0,1.99823321554771,1.99823321554771,1.99823321554771,1.99823321554771,1.99823321554771,1.99823321554771,1.99823321554771,1.0,1.1466431195416298
118,1.0,1.99823321554771,1.99823321554771,1.99823321554771,1.99823321554771,1.99823321554771,1.99823321554771,1.99823321554771,1.0,1.1466431195416298,1.1466431195416298
119,1.99823321554771,1.99823321554771,1.99823321554771,1.99823321554771,1.99823321554771,1.99823321554771,1.99823321554771,1.0,1.1466431195416298,1.1466431195416298,1.1466431195416298
120,1.99823321554771,1.99823321554771,1.99823321554771,1.99823321554771,1.99823321554771,1.99823321554771,1.0,1.1466431195416298,1.1466431195416298,1.1466431195416298,1.1466431195416298
121,1.99823321554771,1.99823321554771,1.99823321554771,1.99823321554771,1.99823321554771,1.0,1.1466431195416298,1.1466431195416298,1.1466431195416298,1.1466431195416298,1.1466431195416298
122,1.99823321554771,1.99823321554771,1.99823321554771,1.99823321554771,1.0,1.1466431195416298,1.1466431195416298,1.1466431195416298,1.1466431195416298,1.1466431195416298,1.1466431195416298
123,1.99823321554771,1.99823321554771,1.99823321554771,1.0,1.1466431195416298,1.1466431195416298,1.1466431195416298,1.1466431195416298,1.1466431195416298,1.1466431195416298,1.0
124,1.99823321554771,1.99823321554771,1.0,1.1466431195416298,1.1466431195416298,1.1466431195416298,1.1466431195416298,1.1466431195416298,1.1466431195416298,1.0,1.0
125,1.99823321554771,1.0,1.1466431195416298,1.1466431195416298,1.1466431195416298,1.1466431195416298,1.1466431195416298,1.1466431195416298,1.0,1.0,1.1466431195416298
126,1.0,1.1466431195416298,1.1466431195416298,1.1466431195416298,1.1466431195416298,1.1466431195416298,1.1466431195416298,1.0,1.0,1.1466431195416298,1.1466431195416298
127,1.1466431195416298,1.1466431195416298,1.1466431195416298,1.1466431195416298,1.1466431195416298,1.1466431195416298,1.0,1.0,1.1466431195416298,1.1466431195416298,1.1466431195416298
128,1.1466431195416298,1.1466431195416298,1.1466431195416298,1.1466431195416298,1.1466431195416298,1.0,1.0,1.1466431195416298,1.1466431195416298,1.1466431195416298,1.1466431195416298
129,1.1466431195416298,1.1466431195416298,1.1466431195416298,1.1466431195416298,1.0,1.0,1.1466431195416298,1.1466431195416298,1.1466431195416298,1.1466431195416298,1.1466431195416298
130,1.1466431195416298,1.1466431195416298,1.1466431195416298,1.0,1.0,1.1466431195416298,1.1466431195416298,1.1466431195416298,1.1466431195416298,1.1466431195416298,1.1466431195416298
131,1.1466431195416298,1.1466431195416298,1.0,1.0,1.1466431195416298,1.1466431195416298,1.1466431195416298,1.1466431195416298,1.1466431195416298,1.1466431195416298,1.1466431195416298
132,1.1466431195416298,1.0,1.0,1.1466431195416298,1.1466431195416298,1.1466431195416298,1.1466431195416298,1.1466431195416298,1.1466431195416298,1.1466431195416298,1.99823321554771
133,1.0,1.0,1.1466431195416298,1.1466431195416298,1.1466431195416298,1.1466431195416298,1.1466431195416298,1.1466431195416298,1.1466431195416298,1.99823321554771,1.0
134,1.0,1.1466431195416298,1.1466431195416298,1.1466431195416298,1.1466431195416298,1.1466431195416298,1.1466431195416298,1.1466431195416298,1.99823321554771,1.0,1.0
135,1.1466431195416298,1.1466431195416298,1.1466431195416298,1.1466431195416298,1.1466431195416298,1.1466431195416298,1.1466431195416298,1.99823321554771,1.0,1.0,1.0
136,1.1466431195416298,1.1466431195416298,1.1466431195416298,1.1466431195416298,1.1466431195416298,1.1466431195416298,1.99823321554771,1.0,1.0,1.0,1.0
137,1.1466431195416298,1.1466431195416298,1.1466431195416298,1.1466431195416298,1.1466431195416298,1.99823321554771,1.0,1.0,1.0,1.0,1.0
138,1.1466431195416298,1.1466431195416298,1.1466431195416298,1.1466431195416298,1.99823321554771,1.0,1.0,1.0,1.0,1.0,1.0
139,1.1466431195416298,1.1466431195416298,1.1466431195416298,1.99823321554771,1.0,1.0,1.0,1.0,1.0,1.0,1.0
140,1.1466431195416298,1.1466431195416298,1.99823321554771,1.0,1.0,1.0,1.0,1.0,1.0,1.0,1.0
141,1.1466431195416298,1.99823321554771,1.0,1.0,1.0,1.0,1.0,1.0,1.0,1.0,1.0
142,1.99823321554771,1.0,1.0,1.0,1.0,1.0,1.0,1.0,1.0,1.0,1.0
143,1.0,1.0,1.0,1.0,1.0,1.0,1.0,1.0,1.0,1.0,1.0
144,1.0,1.0,1.0,1.0,1.0,1.0,1.0,1.0,1.0,1.0,1.0
145,1.0,1.0,1.0,1.0,1.0,1.0,1.0,1.0,1.0,1.0,1.0
146,1.0,1.0,1.0,1.0,1.0,1.0,1.0,1.0,1.0,1.0,1.0
147,1.0,1.0,1.0,1.0,1.0,1.0,1.0,1.0,1.0,1.0,1.0
148,1.0,1.0,1.0,1.0,1.0,1.0,1.0,1.0,1.0,1.0,1.0
149,1.0,1.0,1.0,1.0,1.0,1.0,1.0,1.0,1.0,1.0,1.0
150,1.0,1.0,1.0,1.0,1.0,1.0,1.0,1.0,1.0,1.0,1.0
151,1.0,1.0,1.0,1.0,1.0,1.0,1.0,1.0,1.0,1.0,1.0
152,1.0,1.0,1.0,1.0,1.0,1.0,1.0,1.0,1.0,1.0,1.0
153,1.0,1.0,1.0,1.0,1.0,1.0,1.0,1.0,1.0,1.0,1.0
154,1.0,1.0,1.0,1.0,1.0,1.0,1.0,1.0,1.0,1.0,1.0
155,1.0,1.0,1.0,1.0,1.0,1.0,1.0,1.0,1.0,1.0,1.0
156,1.0,1.0,1.0,1.0,1.0,1.0,1.0,1.0,1.0,1.0,1.0
157,1.0,1.0,1.0,1.0,1.0,1.0,1.0,1.0,1.0,1.0,1.0
158,1.0,1.0,1.0,1.0,1.0,1.0,1.0,1.0,1.0,1.0,1.0
159,1.0,1.0,1.0,1.0,1.0,1.0,1.0,1.0,1.0,1.0,1.0
160,1.0,1.0,1.0,1.0,1.0,1.0,1.0,1.0,1.0,1.0,1.0
161,1.0,1.0,1.0,1.0,1.0,1.0,1.0,1.0,1.0,1.0,1.0
162,1.0,1.0,1.0,1.0,1.0,1.0,1.0,1.0,1.0,1.0,1.0
163,1.0,1.0,1.0,1.0,1.0,1.0,1.0,1.0,1.0,1.0,1.0
164,1.0,1.0,1.0,1.0,1.0,1.0,1.0,1.0,1.0,1.0,1.0
165,1.0,1.0,1.0,1.0,1.0,1.0,1.0,1.0,1.0,1.0,1.0
166,1.0,1.0,1.0,1.0,1.0,1.0,1.0,1.0,1.0,1.0,1.0
167,1.0,1.0,1.0,1.0,1.0,1.0,1.0,1.0,1.0,1.0,1.0
168,1.0,1.0,1.0,1.0,1.0,1.0,1.0,1.0,1.0,1.0,1.0
169,1.0,1.0,1.0,1.0,1.0,1.0,1.0,1.0,1.0,1.0,1.0
170,1.0,1.0,1.0,1.0,1.0,1.0,1.0,1.0,1.0,1.0,1.0
171,1.0,1.0,1.0,1.0,1.0,1.0,1.0,1.0,1.0,1.0,1.0
172,1.0,1.0,1.0,1.0,1.0,1.0,1.0,1.0,1.0,1.0,1.0
173,1.0,1.0,1.0,1.0,1.0,1.0,1.0,1.0,1.0,1.0,1.0
174,1.0,1.0,1.0,1.0,1.0,1.0,1.0,1.0,1.0,1.0,1.0
175,1.0,1.0,1.0,1.0,1.0,1.0,1.0,1.0,1.0,1.0,1.0
176,1.0,1.0,1.0,1.0,1.0,1.0,1.0,1.0,1.0,1.0,1.0
177,1.0,1.0,1.0,1.0,1.0,1.0,1.0,1.0,1.0,1.0,1.0
178,1.0,1.0,1.0,1.0,1.0,1.0,1.0,1.0,1.0,1.0,1.0
179,1.0,1.0,1.0,1.0,1.0,1.0,1.0,1.0,1.0,1.0,1.0
180,1.0,1.0,1.0,1.0,1.0,1.0,1.0,1.0,1.0,1.0,1.9911661777385101
181,1.0,1.0,1.0,1.0,1.0,1.0,1.0,1.0,1.0,1.9911661777385101,1.9911661777385101
182,1.0,1.0,1.0,1.0,1.0,1.0,1.0,1.0,1.9911661777385101,1.9911661777385101,1.9911661777385101
183,1.0,1.0,1.0,1.0,1.0,1.0,1.0,1.9911661777385101,1.9911661777385101,1.9911661777385101,1.9911661777385101
184,1.0,1.0,1.0,1.0,1.0,1.0,1.9911661777385101,1.9911661777385101,1.9911661777385101,1.9911661777385101,1.9911661777385101
185,1.0,1.0,1.0,1.0,1.0,1.9911661777385101,1.9911661777385101,1.9911661777385101,1.9911661777385101,1.9911661777385101,1.9911661777385101
186,1.0,1.0,1.0,1.0,1.9911661777385101,1.9911661777385101,1.9911661777385101,1.9911661777385101,1.9911661777385101,1.9911661777385101,1.0
187,1.0,1.0,1.0,1.9911661777385101,1.9911661777385101,1.9911661777385101,1.9911661777385101,1.9911661777385101,1.9911661777385101,1.0,1.9911661777385101
188,1.0,1.0,1.9911661777385101,1.9911661777385101,1.9911661777385101,1.9911661777385101,1.9911661777385101,1.9911661777385101,1.0,1.9911661777385101,1.9911661777385101
189,1.0,1.9911661777385101,1.9911661777385101,1.9911661777385101,1.9911661777385101,1.9911661777385101,1.9911661777385101,1.0,1.9911661777385101,1.9911661777385101,1.9911661777385101
190,1.9911661777385101,1.9911661777385101,1.9911661777385101,1.9911661777385101,1.9911661777385101,1.9911661777385101,1.0,1.9911661777385101,1.9911661777385101,1.9911661777385101,1.0
191,1.9911661777385101,1.9911661777385101,1.9911661777385101,1.9911661777385101,1.9911661777385101,1.0,1.9911661777385101,1.9911661777385101,1.9911661777385101,1.0,1.9911661777385101
192,1.9911661777385101,1.9911661777385101,1.9911661777385101,1.9911661777385101,1.0,1.9911661777385101,1.9911661777385101,1.9911661777385101,1.0,1.9911661777385101,1.9911661777385101
193,1.9911661777385101,1.9911661777385101,1.9911661777385101,1.0,1.9911661777385101,1.9911661777385101,1.9911661777385101,1.0,1.9911661777385101,1.9911661777385101,1.9911661777385101
194,1.9911661777385101,1.9911661777385101,1.0,1.9911661777385101,1.9911661777385101,1.9911661777385101,1.0,1.9911661777385101,1.9911661777385101,1.9911661777385101,1.0
195,1.9911661777385101,1.0,1.9911661777385101,1.9911661777385101,1.9911661777385101,1.0,1.9911661777385101,1.9911661777385101,1.9911661777385101,1.0,1.9911661777385101
196,1.0,1.9911661777385101,1.9911661777385101,1.9911661777385101,1.0,1.9911661777385101,1.9911661777385101,1.9911661777385101,1.0,1.9911661777385101,1.9911661777385101
197,1.9911661777385101,1.9911661777385101,1.9911661777385101,1.0,1.9911661777385101,1.9911661777385101,1.9911661777385101,1.0,1.9911661777385101,1.9911661777385101,1.9911661777385101
198,1.9911661777385101,1.9911661777385101,1.0,1.9911661777385101,1.9911661777385101,1.9911661777385101,1.0,1.9911661777385101,1.9911661777385101,1.9911661777385101,1.9911661777385101
199,1.9911661777385101,1.0,1.9911661777385101,1.9911661777385101,1.9911661777385101,1.0,1.9911661777385101,1.9911661777385101,1.9911661777385101,1.9911661777385101,1.0
200,1.0,1.9911661777385101,1.9911661777385101,1.9911661777385101,1.0,1.9911661777385101,1.9911661777385101,1.9911661777385101,1.9911661777385101,1.0,1.0
201,1.9911661777385101,1.9911661777385101,1.9911661777385101,1.0,1.9911661777385101,1.9911661777385101,1.9911661777385101,1.9911661777385101,1.0,1.0,1.9911661777385101
202,1.9911661777385101,1.9911661777385101,1.0,1.9911661777385101,1.9911661777385101,1.9911661777385101,1.9911661777385101,1.0,1.0,1.9911661777385101,1.9911661777385101
203,1.9911661777385101,1.0,1.9911661777385101,1.9911661777385101,1.9911661777385101,1.9911661777385101,1.0,1.0,1.9911661777385101,1.9911661777385101,1.9911661777385101
204,1.0,1.9911661777385101,1.9911661777385101,1.9911661777385101,1.9911661777385101,1.0,1.0,1.9911661777385101,1.9911661777385101,1.9911661777385101,1.0
205,1.9911661777385101,1.9911661777385101,1.9911661777385101,1.9911661777385101,1.0,1.0,1.9911661777385101,1.9911661777385101,1.9911661777385101,1.0,1.0
206,1.9911661777385101,1.9911661777385101,1.9911661777385101,1.0,1.0,1.9911661777385101,1.9911661777385101,1.9911661777385101,1.0,1.0,1.0
207,1.9911661777385101,1.9911661777385101,1.0,1.0,1.9911661777385101,1.9911661777385101,1.9911661777385101,1.0,1.0,1.0,1.0
208,1.9911661777385101,1.0,1.0,1.9911661777385101,1.9911661777385101,1.9911661777385101,1.0,1.0,1.0,1.0,1.0
209,1.0,1.0,1.9911661777385101,1.9911661777385101,1.9911661777385101,1.0,1.0,1.0,1.0,1.0,1.0
210,1.0,1.9911661777385101,1.9911661777385101,1.9911661777385101,1.0,1.0,1.0,1.0,1.0,1.0,1.0
211,1.9911661777385101,1.9911661777385101,1.9911661777385101,1.0,1.0,1.0,1.0,1.0,1.0,1.0,1.0
212,1.9911661777385101,1.9911661777385101,1.0,1.0,1.0,1.0,1.0,1.0,1.0,1.0,1.0
213,1.9911661777385101,1.0,1.0,1.0,1.0,1.0,1.0,1.0,1.0,1.0,1.0
214,1.0,1.0,1.0,1.0,1.0,1.0,1.0,1.0,1.0,1.0,1.0
215,1.0,1.0,1.0,1.0,1.0,1.0,1.0,1.0,1.0,1.0,1.0
216,1.0,1.0,1.0,1.0,1.0,1.0,1.0,1.0,1.0,1.0,1.0
217,1.0,1.0,1.0,1.0,1.0,1.0,1.0,1.0,1.0,1.0,1.0
218,1.0,1.0,1.0,1.0,1.0,1.0,1.0,1.0,1.0,1.0,1.0
219,1.0,1.0,1.0,1.0,1.0,1.0,1.0,1.0,1.0,1.0,1.0
220,1.0,1.0,1.0,1.0,1.0,1.0,1.0,1.0,1.0,1.0,1.0
221,1.0,1.0,1.0,1.0,1.0,1.0,1.0,1.0,1.0,1.0,1.0
222,1.0,1.0,1.0,1.0,1.0,1.0,1.0,1.0,1.0,1.0,1.0
223,1.0,1.0,1.0,1.0,1.0,1.0,1.0,1.0,1.0,1.0,1.0
224,1.0,1.0,1.0,1.0,1.0,1.0,1.0,1.0,1.0,1.0,1.0
225,1.0,1.0,1.0,1.0,1.0,1.0,1.0,1.0,1.0,1.0,1.0
226,1.0,1.0,1.0,1.0,1.0,1.0,1.0,1.0,1.0,1.0,1.0
227,1.0,1.0,1.0,1.0,1.0,1.0,1.0,1.0,1.0,1.0,1.0