,1,2,3,4,5,6,7,8,9,10,11
0,1.0,1.0,1.0,1.0,1.10546875,1.0,1.03125,1.0,1.03125,1.0,1.0
1,1.0,1.0,1.0,1.10546875,1.0,1.03125,1.0,1.03125,1.0,1.0,1.0
2,1.0,1.0,1.10546875,1.0,1.03125,1.0,1.03125,1.0,1.0,1.0,1.0
3,1.0,1.10546875,1.0,1.03125,1.0,1.03125,1.0,1.0,1.0,1.0,1.00390625
4,1.10546875,1.0,1.03125,1.0,1.03125,1.0,1.0,1.0,1.0,1.00390625,1.00390625
5,1.0,1.03125,1.0,1.03125,1.0,1.0,1.0,1.0,1.00390625,1.00390625,1.00390625
6,1.03125,1.0,1.03125,1.0,1.0,1.0,1.0,1.00390625,1.00390625,1.00390625,1.00390625
7,1.0,1.03125,1.0,1.0,1.0,1.0,1.00390625,1.00390625,1.00390625,1.00390625,1.00390625
8,1.03125,1.0,1.0,1.0,1.0,1.00390625,1.00390625,1.00390625,1.00390625,1.00390625,1.03125
9,1.0,1.0,1.0,1.0,1.00390625,1.00390625,1.00390625,1.00390625,1.00390625,1.03125,1.03125
10,1.0,1.0,1.0,1.00390625,1.00390625,1.00390625,1.00390625,1.00390625,1.03125,1.03125,1.03125
11,1.0,1.0,1.00390625,1.00390625,1.00390625,1.00390625,1.00390625,1.03125,1.03125,1.03125,1.00390625
12,1.0,1.00390625,1.00390625,1.00390625,1.00390625,1.00390625,1.03125,1.03125,1.03125,1.00390625,1.00390625
13,1.00390625,1.00390625,1.00390625,1.00390625,1.00390625,1.03125,1.03125,1.03125,1.00390625,1.00390625,1.00390625
14,1.00390625,1.00390625,1.00390625,1.00390625,1.03125,1.03125,1.03125,1.00390625,1.00390625,1.00390625,1.00390625
15,1.00390625,1.00390625,1.00390625,1.03125,1.03125,1.03125,1.00390625,1.00390625,1.00390625,1.00390625,1.00390625
16,1.00390625,1.00390625,1.03125,1.03125,1.03125,1.00390625,1.00390625,1.00390625,1.00390625,1.00390625,0.94921875
17,1.00390625,1.03125,1.03125,1.03125,1.00390625,1.00390625,1.00390625,1.00390625,1.00390625,0.94921875,0.94921875
18,1.03125,1.03125,1.03125,1.00390625,1.00390625,1.00390625,1.00390625,1.00390625,0.94921875,0.94921875,1.1484375
19,1.03125,1.03125,1.00390625,1.00390625,1.00390625,1.00390625,1.00390625,0.94921875,0.94921875,1.1484375,1.00390625
20,1.03125,1.00390625,1.00390625,1.00390625,1.00390625,1.00390625,0.94921875,0.94921875,1.1484375,1.00390625,1.03515625
21,1.00390625,1.00390625,1.00390625,1.00390625,1.00390625,0.94921875,0.94921875,1.1484375,1.00390625,1.03515625,1.04296875
22,1.00390625,1.00390625,1.00390625,1.00390625,0.94921875,0.94921875,1.1484375,1.00390625,1.03515625,1.04296875,1.04296875
23,1.00390625,1.00390625,1.00390625,0.94921875,0.94921875,1.1484375,1.00390625,1.03515625,1.04296875,1.04296875,1.04296875
24,1.00390625,1.00390625,0.94921875,0.94921875,1.1484375,1.00390625,1.03515625,1.04296875,1.04296875,1.04296875,1.00390625
25,1.00390625,0.94921875,0.94921875,1.1484375,1.00390625,1.03515625,1.04296875,1.04296875,1.04296875,1.00390625,1.04296875
26,0.94921875,0.94921875,1.1484375,1.00390625,1.03515625,1.04296875,1.04296875,1.04296875,1.00390625,1.04296875,1.04296875
27,0.94921875,1.1484375,1.00390625,1.03515625,1.04296875,1.04296875,1.04296875,1.00390625,1.04296875,1.04296875,1.00390625
28,1.1484375,1.00390625,1.03515625,1.04296875,1.04296875,1.04296875,1.00390625,1.04296875,1.04296875,1.00390625,1.04296875
29,1.00390625,1.03515625,1.04296875,1.04296875,1.04296875,1.00390625,1.04296875,1.04296875,1.00390625,1.04296875,1.00390625
30,1.03515625,1.04296875,1.04296875,1.04296875,1.00390625,1.04296875,1.04296875,1.00390625,1.04296875,1.00390625,1.00390625
31,1.04296875,1.04296875,1.04296875,1.00390625,1.04296875,1.04296875,1.00390625,1.04296875,1.00390625,1.00390625,1.00390625
32,1.04296875,1.04296875,1.00390625,1.04296875,1.04296875,1.00390625,1.04296875,1.00390625,1.00390625,1.00390625,1.00390625
33,1.04296875,1.00390625,1.04296875,1.04296875,1.00390625,1.04296875,1.00390625,1.00390625,1.00390625,1.00390625,1.00390625
34,1.00390625,1.04296875,1.04296875,1.00390625,1.04296875,1.00390625,1.00390625,1.00390625,1.00390625,1.00390625,1.00390625
35,1.04296875,1.04296875,1.00390625,1.04296875,1.00390625,1.00390625,1.00390625,1.00390625,1.00390625,1.00390625,1.00390625
36,1.04296875,1.00390625,1.04296875,1.00390625,1.00390625,1.00390625,1.00390625,1.00390625,1.00390625,1.00390625,1.00390625
37,1.00390625,1.04296875,1.00390625,1.00390625,1.00390625,1.00390625,1.00390625,1.00390625,1.00390625,1.00390625,1.00390625
38,1.04296875,1.00390625,1.00390625,1.00390625,1.00390625,1.00390625,1.00390625,1.00390625,1.00390625,1.00390625,1.00390625
39,1.00390625,1.00390625,1.00390625,1.00390625,1.00390625,1.00390625,1.00390625,1.00390625,1.00390625,1.00390625,1.00390625
40,1.00390625,1.00390625,1.00390625,1.00390625,1.00390625,1.00390625,1.00390625,1.00390625,1.00390625,1.00390625,1.00390625
41,1.00390625,1.00390625,1.00390625,1.00390625,1.00390625,1.00390625,1.00390625,1.00390625,1.00390625,1.00390625,1.00390625
42,1.00390625,1.00390625,1.00390625,1.00390625,1.00390625,1.00390625,1.00390625,1.00390625,1.00390625,1.00390625,1.00390625
43,1.00390625,1.00390625,1.00390625,1.00390625,1.00390625,1.00390625,1.00390625,1.00390625,1.00390625,1.00390625,1.00390625
44,1.00390625,1.00390625,1.00390625,1.00390625,1.00390625,1.00390625,1.00390625,1.00390625,1.00390625,1.00390625,1.00390625
45,1.00390625,1.00390625,1.00390625,1.00390625,1.00390625,1.00390625,1.00390625,1.00390625,1.00390625,1.00390625,1.03515625
46,1.00390625,1.00390625,1.00390625,1.00390625,1.00390625,1.00390625,1.00390625,1.00390625,1.00390625,1.03515625,1.00390625
47,1.00390625,1.00390625,1.00390625,1.00390625,1.00390625,1.00390625,1.00390625,1.00390625,1.03515625,1.00390625,1.1484375
48,1.00390625,1.00390625,1.00390625,1.00390625,1.00390625,1.00390625,1.00390625,1.03515625,1.00390625,1.1484375,1.00390625
49,1.00390625,1.00390625,1.00390625,1.00390625,1.00390625,1.00390625,1.03515625,1.00390625,1.1484375,1.00390625,1.00390625
50,1.00390625,1.00390625,1.00390625,1.00390625,1.00390625,1.03515625,1.00390625,1.1484375,1.00390625,1.00390625,1.00390625
51,1.00390625,1.00390625,1.00390625,1.00390625,1.03515625,1.00390625,1.1484375,1.00390625,1.00390625,1.00390625,1.00390625
52,1.00390625,1.00390625,1.00390625,1.03515625,1.00390625,1.1484375,1.00390625,1.00390625,1.00390625,1.00390625,1.00390625
53,1.00390625,1.00390625,1.03515625,1.00390625,1.1484375,1.00390625,1.00390625,1.00390625,1.00390625,1.00390625,1.00390625
54,1.00390625,1.03515625,1.00390625,1.1484375,1.00390625,1.00390625,1.00390625,1.00390625,1.00390625,1.00390625,1.00390625
55,1.03515625,1.00390625,1.1484375,1.00390625,1.00390625,1.00390625,1.00390625,1.00390625,1.00390625,1.00390625,1.00390625
56,1.00390625,1.1484375,1.00390625,1.00390625,1.00390625,1.00390625,1.00390625,1.00390625,1.00390625,1.00390625,1.00390625
57,1.1484375,1.00390625,1.00390625,1.00390625,1.00390625,1.00390625,1.00390625,1.00390625,1.00390625,1.00390625,1.00390625
58,1.00390625,1.00390625,1.00390625,1.00390625,1.00390625,1.00390625,1.00390625,1.00390625,1.00390625,1.00390625,1.00390625
59,1.00390625,1.00390625,1.00390625,1.00390625,1.00390625,1.00390625,1.00390625,1.00390625,1.00390625,1.00390625,1.00390625
60,1.00390625,1.00390625,1.00390625,1.00390625,1.00390625,1.00390625,1.00390625,1.00390625,1.00390625,1.00390625,1.00390625
61,1.00390625,1.00390625,1.00390625,1.00390625,1.00390625,1.00390625,1.00390625,1.00390625,1.00390625,1.00390625,1.00390625
62,1.00390625,1.00390625,1.00390625,1.00390625,1.00390625,1.00390625,1.00390625,1.00390625,1.00390625,1.00390625,1.00390625
63,1.00390625,1.00390625,1.00390625,1.00390625,1.00390625,1.00390625,1.00390625,1.00390625,1.00390625,1.00390625,1.00390625
64,1.00390625,1.00390625,1.00390625,1.00390625,1.00390625,1.00390625,1.00390625,1.00390625,1.00390625,1.00390625,1.00390625
65,1.00390625,1.00390625,1.00390625,1.00390625,1.00390625,1.00390625,1.00390625,1.00390625,1.00390625,1.00390625,1.00390625
66,1.00390625,1.00390625,1.00390625,1.00390625,1.00390625,1.00390625,1.00390625,1.00390625,1.00390625,1.00390625,1.00390625
67,1.00390625,1.00390625,1.00390625,1.00390625,1.00390625,1.00390625,1.00390625,1.00390625,1.00390625,1.00390625,1.00390625
68,1.00390625,1.00390625,1.00390625,1.00390625,1.00390625,1.00390625,1.00390625,1.00390625,1.00390625,1.00390625,1.00390625
69,1.00390625,1.00390625,1.00390625,1.00390625,1.00390625,1.00390625,1.00390625,1.00390625,1.00390625,1.00390625,1.03515625
70,1.00390625,1.00390625,1.00390625,1.00390625,1.00390625,1.00390625,1.00390625,1.00390625,1.00390625,1.03515625,1.00390625
71,1.00390625,1.00390625,1.00390625,1.00390625,1.00390625,1.00390625,1.00390625,1.00390625,1.03515625,1.00390625,1.00390625
72,1.00390625,1.00390625,1.00390625,1.00390625,1.00390625,1.00390625,1.00390625,1.03515625,1.00390625,1.00390625,1.00390625
73,1.00390625,1.00390625,1.00390625,1.00390625,1.00390625,1.00390625,1.03515625,1.00390625,1.00390625,1.00390625,1.00390625
74,1.00390625,1.00390625,1.00390625,1.00390625,1.00390625,1.03515625,1.00390625,1.00390625,1.00390625,1.00390625,1.0234375
75,1.00390625,1.00390625,1.00390625,1.00390625,1.03515625,1.00390625,1.00390625,1.00390625,1.00390625,1.0234375,1.0234375
76,1.00390625,1.00390625,1.00390625,1.03515625,1.00390625,1.00390625,1.00390625,1.00390625,1.0234375,1.0234375,1.0234375
77,1.00390625,1.00390625,1.03515625,1.00390625,1.00390625,1.00390625,1.00390625,1.0234375,1.0234375,1.0234375,1.0234375
78,1.00390625,1.03515625,1.00390625,1.00390625,1.00390625,1.00390625,1.0234375,1.0234375,1.0234375,1.0234375,1.0234375
79,1.03515625,1.00390625,1.00390625,1.00390625,1.00390625,1.0234375,1.0234375,1.0234375,1.0234375,1.0234375,1.0234375
80,1.00390625,1.00390625,1.00390625,1.00390625,1.0234375,1.0234375,1.0234375,1.0234375,1.0234375,1.0234375,1.0234375
81,1.00390625,1.00390625,1.00390625,1.0234375,1.0234375,1.0234375,1.0234375,1.0234375,1.0234375,1.0234375,1.0234375
82,1.00390625,1.00390625,1.0234375,1.0234375,1.0234375,1.0234375,1.0234375,1.0234375,1.0234375,1.0234375,1.0234375
83,1.00390625,1.0234375,1.0234375,1.0234375,1.0234375,1.0234375,1.0234375,1.0234375,1.0234375,1.0234375,1.0234375
84,1.0234375,1.0234375,1.0234375,1.0234375,1.0234375,1.0234375,1.0234375,1.0234375,1.0234375,1.0234375,1.03515625
85,1.0234375,1.0234375,1.0234375,1.0234375,1.0234375,1.0234375,1.0234375,1.0234375,1.0234375,1.03515625,1.0234375
86,1.0234375,1.0234375,1.0234375,1.0234375,1.0234375,1.0234375,1.0234375,1.0234375,1.03515625,1.0234375,1.0234375
87,1.0234375,1.0234375,1.0234375,1.0234375,1.0234375,1.0234375,1.0234375,1.03515625,1.0234375,1.0234375,1.0234375
88,1.0234375,1.0234375,1.0234375,1.0234375,1.0234375,1.0234375,1.03515625,1.0234375,1.0234375,1.0234375,1.0234375
89,1.0234375,1.0234375,1.0234375,1.0234375,1.0234375,1.03515625,1.0234375,1.0234375,1.0234375,1.0234375,1.0234375
90,1.0234375,1.0234375,1.0234375,1.0234375,1.03515625,1.0234375,1.0234375,1.0234375,1.0234375,1.0234375,1.0234375
91,1.0234375,1.0234375,1.0234375,1.03515625,1.0234375,1.0234375,1.0234375,1.0234375,1.0234375,1.0234375,1.0234375
92,1.0234375,1.0234375,1.03515625,1.0234375,1.0234375,1.0234375,1.0234375,1.0234375,1.0234375,1.0234375,1.0234375
93,1.0234375,1.03515625,1.0234375,1.0234375,1.0234375,1.0234375,1.0234375,1.0234375,1.0234375,1.0234375,1.0234375
94,1.03515625,1.0234375,1.0234375,1.0234375,1.0234375,1.0234375,1.0234375,1.0234375,1.0234375,1.0234375,1.0234375
95,1.0234375,1.0234375,1.0234375,1.0234375,1.0234375,1.0234375,1.0234375,1.0234375,1.0234375,1.0234375,1.0234375
96,1.0234375,1.0234375,1.0234375,1.0234375,1.0234375,1.0234375,1.0234375,1.0234375,1.0234375,1.0234375,1.04296875
97,1.0234375,1.0234375,1.0234375,1.0234375,1.0234375,1.0234375,1.0234375,1.0234375,1.0234375,1.04296875,1.0234375
98,1.0234375,1.0234375,1.0234375,1.0234375,1.0234375,1.0234375,1.0234375,1.0234375,1.04296875,1.0234375,1.0234375
99,1.0234375,1.0234375,1.0234375,1.0234375,1.0234375,1.0234375,1.0234375,1.04296875,1.0234375,1.0234375,1.0234375
100,1.0234375,1.0234375,1.0234375,1.0234375,1.0234375,1.0234375,1.04296875,1.0234375,1.0234375,1.0234375,1.0234375
101,1.0234375,1.0234375,1.0234375,1.0234375,1.0234375,1.04296875,1.0234375,1.0234375,1.0234375,1.0234375,1.0234375
102,1.0234375,1.0234375,1.0234375,1.0234375,1.04296875,1.0234375,1.0234375,1.0234375,1.0234375,1.0234375,1.0234375
103,1.0234375,1.0234375,1.0234375,1.04296875,1.0234375,1.0234375,1.0234375,1.0234375,1.0234375,1.0234375,1.02734375
104,1.0234375,1.0234375,1.04296875,1.0234375,1.0234375,1.0234375,1.0234375,1.0234375,1.0234375,1.02734375,1.02734375
105,1.0234375,1.04296875,1.0234375,1.0234375,1.0234375,1.0234375,1.0234375,1.0234375,1.02734375,1.02734375,1.02734375
106,1.04296875,1.0234375,1.0234375,1.0234375,1.0234375,1.0234375,1.0234375,1.02734375,1.02734375,1.02734375,1.02734375
107,1.0234375,1.0234375,1.0234375,1.0234375,1.0234375,1.0234375,1.02734375,1.02734375,1.02734375,1.02734375,1.02734375
108,1.0234375,1.0234375,1.0234375,1.0234375,1.0234375,1.02734375,1.02734375,1.02734375,1.02734375,1.02734375,0.95703125
109,1.0234375,1.0234375,1.0234375,1.0234375,1.02734375,1.02734375,1.02734375,1.02734375,1.02734375,0.95703125,1.02734375
110,1.0234375,1.0234375,1.0234375,1.02734375,1.02734375,1.02734375,1.02734375,1.02734375,0.95703125,1.02734375,1.02734375
111,1.0234375,1.0234375,1.02734375,1.02734375,1.02734375,1.02734375,1.02734375,0.95703125,1.02734375,1.02734375,1.02734375
112,1.0234375,1.02734375,1.02734375,1.02734375,1.02734375,1.02734375,0.95703125,1.02734375,1.02734375,1.02734375,1.02734375
113,1.02734375,1.02734375,1.02734375,1.02734375,1.02734375,0.95703125,1.02734375,1.02734375,1.02734375,1.02734375,1.02734375
114,1.02734375,1.02734375,1.02734375,1.02734375,0.95703125,1.02734375,1.02734375,1.02734375,1.02734375,1.02734375,1.02734375
115,1.02734375,1.02734375,1.02734375,0.95703125,1.02734375,1.02734375,1.02734375,1.02734375,1.02734375,1.02734375,1.02734375
116,1.02734375,1.02734375,0.95703125,1.02734375,1.02734375,1.02734375,1.02734375,1.02734375,1.02734375,1.02734375,1.05078125
117,1.02734375,0.95703125,1.02734375,1.02734375,1.02734375,1.02734375,1.02734375,1.02734375,1.02734375,1.05078125,1.0390625
118,0.95703125,1.02734375,1.02734375,1.02734375,1.02734375,1.02734375,1.02734375,1.02734375,1.05078125,1.0390625,1.0390625
119,1.02734375,1.02734375,1.02734375,1.02734375,1.02734375,1.02734375,1.02734375,1.05078125,1.0390625,1.0390625,1.140625
120,1.02734375,1.02734375,1.02734375,1.02734375,1.02734375,1.02734375,1.05078125,1.0390625,1.0390625,1.140625,1.140625
121,1.02734375,1.02734375,1.02734375,1.02734375,1.02734375,1.05078125,1.0390625,1.0390625,1.140625,1.140625,1.05078125
122,1.02734375,1.02734375,1.02734375,1.02734375,1.05078125,1.0390625,1.0390625,1.140625,1.140625,1.05078125,1.140625
123,1.02734375,1.02734375,1.02734375,1.05078125,1.0390625,1.0390625,1.140625,1.140625,1.05078125,1.140625,1.140625
124,1.02734375,1.02734375,1.05078125,1.0390625,1.0390625,1.140625,1.140625,1.05078125,1.140625,1.140625,1.05078125
125,1.02734375,1.05078125,1.0390625,1.0390625,1.140625,1.140625,1.05078125,1.140625,1.140625,1.05078125,1.02734375
126,1.05078125,1.0390625,1.0390625,1.140625,1.140625,1.05078125,1.140625,1.140625,1.05078125,1.02734375,1.02734375
127,1.0390625,1.0390625,1.140625,1.140625,1.05078125,1.140625,1.140625,1.05078125,1.02734375,1.02734375,1.02734375
128,1.0390625,1.140625,1.140625,1.05078125,1.140625,1.140625,1.05078125,1.02734375,1.02734375,1.02734375,1.02734375
129,1.140625,1.140625,1.05078125,1.140625,1.140625,1.05078125,1.02734375,1.02734375,1.02734375,1.02734375,1.0390625
130,1.140625,1.05078125,1.140625,1.140625,1.05078125,1.02734375,1.02734375,1.02734375,1.02734375,1.0390625,1.02734375
131,1.05078125,1.140625,1.140625,1.05078125,1.02734375,1.02734375,1.02734375,1.02734375,1.0390625,1.02734375,1.02734375
132,1.140625,1.140625,1.05078125,1.02734375,1.02734375,1.02734375,1.02734375,1.0390625,1.02734375,1.02734375,0.95703125
133,1.140625,1.05078125,1.02734375,1.02734375,1.02734375,1.02734375,1.0390625,1.02734375,1.02734375,0.95703125,0.9453125
134,1.05078125,1.02734375,1.02734375,1.02734375,1.02734375,1.0390625,1.02734375,1.02734375,0.95703125,0.9453125,0.9453125
135,1.02734375,1.02734375,1.02734375,1.02734375,1.0390625,1.02734375,1.02734375,0.95703125,0.9453125,0.9453125,1.02734375
136,1.02734375,1.02734375,1.02734375,1.0390625,1.02734375,1.02734375,0.95703125,0.9453125,0.9453125,1.02734375,1.02734375
137,1.02734375,1.02734375,1.0390625,1.02734375,1.02734375,0.95703125,0.9453125,0.9453125,1.02734375,1.02734375,1.02734375
138,1.02734375,1.0390625,1.02734375,1.02734375,0.95703125,0.9453125,0.9453125,1.02734375,1.02734375,1.02734375,1.02734375
139,1.0390625,1.02734375,1.02734375,0.95703125,0.9453125,0.9453125,1.02734375,1.02734375,1.02734375,1.02734375,1.02734375
140,1.02734375,1.02734375,0.95703125,0.9453125,0.9453125,1.02734375,1.02734375,1.02734375,1.02734375,1.02734375,1.02734375
141,1.02734375,0.95703125,0.9453125,0.9453125,1.02734375,1.02734375,1.02734375,1.02734375,1.02734375,1.02734375,1.02734375
142,0.95703125,0.9453125,0.9453125,1.02734375,1.02734375,1.02734375,1.02734375,1.02734375,1.02734375,1.02734375,1.04296875
143,0.9453125,0.9453125,1.02734375,1.02734375,1.02734375,1.02734375,1.02734375,1.02734375,1.02734375,1.04296875,1.04296875
144,0.9453125,1.02734375,1.02734375,1.02734375,1.02734375,1.02734375,1.02734375,1.02734375,1.04296875,1.04296875,1.046875
145,1.02734375,1.02734375,1.02734375,1.02734375,1.02734375,1.02734375,1.02734375,1.04296875,1.04296875,1.046875,1.046875
146,1.02734375,1.02734375,1.02734375,1.02734375,1.02734375,1.02734375,1.04296875,1.04296875,1.046875,1.046875,1.03515625
147,1.02734375,1.02734375,1.02734375,1.02734375,1.02734375,1.04296875,1.04296875,1.046875,1.046875,1.03515625,1.046875
148,1.02734375,1.02734375,1.02734375,1.02734375,1.04296875,1.04296875,1.046875,1.046875,1.03515625,1.046875,1.04296875
149,1.02734375,1.02734375,1.02734375,1.04296875,1.04296875,1.046875,1.046875,1.03515625,1.046875,1.04296875,1.05859375
150,1.02734375,1.02734375,1.04296875,1.04296875,1.046875,1.046875,1.03515625,1.046875,1.04296875,1.05859375,1.05859375
151,1.02734375,1.04296875,1.04296875,1.046875,1.046875,1.03515625,1.046875,1.04296875,1.05859375,1.05859375,1.05859375
152,1.04296875,1.04296875,1.046875,1.046875,1.03515625,1.046875,1.04296875,1.05859375,1.05859375,1.05859375,0.9609375
153,1.04296875,1.046875,1.046875,1.03515625,1.046875,1.04296875,1.05859375,1.05859375,1.05859375,0.9609375,1.0546875
154,1.046875,1.046875,1.03515625,1.046875,1.04296875,1.05859375,1.05859375,1.05859375,0.9609375,1.0546875,1.0546875
155,1.046875,1.03515625,1.046875,1.04296875,1.05859375,1.05859375,1.05859375,0.9609375,1.0546875,1.0546875,1.0546875
156,1.03515625,1.046875,1.04296875,1.05859375,1.05859375,1.05859375,0.9609375,1.0546875,1.0546875,1.0546875,1.04296875
157,1.046875,1.04296875,1.05859375,1.05859375,1.05859375,0.9609375,1.0546875,1.0546875,1.0546875,1.04296875,1.0546875
158,1.04296875,1.05859375,1.05859375,1.05859375,0.9609375,1.0546875,1.0546875,1.0546875,1.04296875,1.0546875,1.04296875
159,1.05859375,1.05859375,1.05859375,0.9609375,1.0546875,1.0546875,1.0546875,1.04296875,1.0546875,1.04296875,1.04296875
160,1.05859375,1.05859375,0.9609375,1.0546875,1.0546875,1.0546875,1.04296875,1.0546875,1.04296875,1.04296875,1.0546875
161,1.05859375,0.9609375,1.0546875,1.0546875,1.0546875,1.04296875,1.0546875,1.04296875,1.04296875,1.0546875,1.05078125
162,0.9609375,1.0546875,1.0546875,1.0546875,1.04296875,1.0546875,1.04296875,1.04296875,1.0546875,1.05078125,1.0546875
163,1.0546875,1.0546875,1.0546875,1.04296875,1.0546875,1.04296875,1.04296875,1.0546875,1.05078125,1.0546875,1.05078125
164,1.0546875,1.0546875,1.04296875,1.0546875,1.04296875,1.04296875,1.0546875,1.05078125,1.0546875,1.05078125,1.0546875
165,1.0546875,1.04296875,1.0546875,1.04296875,1.04296875,1.0546875,1.05078125,1.0546875,1.05078125,1.0546875,1.04296875
166,1.04296875,1.0546875,1.04296875,1.04296875,1.0546875,1.05078125,1.0546875,1.05078125,1.0546875,1.04296875,1.046875
167,1.0546875,1.04296875,1.04296875,1.0546875,1.05078125,1.0546875,1.05078125,1.0546875,1.04296875,1.046875,1.0546875
168,1.04296875,1.04296875,1.0546875,1.05078125,1.0546875,1.05078125,1.0546875,1.04296875,1.046875,1.0546875,1.0546875
169,1.04296875,1.0546875,1.05078125,1.0546875,1.05078125,1.0546875,1.04296875,1.046875,1.0546875,1.0546875,1.04296875
170,1.0546875,1.05078125,1.0546875,1.05078125,1.0546875,1.04296875,1.046875,1.0546875,1.0546875,1.04296875,1.0546875
171,1.05078125,1.0546875,1.05078125,1.0546875,1.04296875,1.046875,1.0546875,1.0546875,1.04296875,1.0546875,1.046875
172,1.0546875,1.05078125,1.0546875,1.04296875,1.046875,1.0546875,1.0546875,1.04296875,1.0546875,1.046875,1.0546875
173,1.05078125,1.0546875,1.04296875,1.046875,1.0546875,1.0546875,1.04296875,1.0546875,1.046875,1.0546875,1.04296875
174,1.0546875,1.04296875,1.046875,1.0546875,1.0546875,1.04296875,1.0546875,1.046875,1.0546875,1.04296875,1.02734375
175,1.04296875,1.046875,1.0546875,1.0546875,1.04296875,1.0546875,1.046875,1.0546875,1.04296875,1.02734375,1.02734375
176,1.046875,1.0546875,1.0546875,1.04296875,1.0546875,1.046875,1.0546875,1.04296875,1.02734375,1.02734375,1.02734375
177,1.0546875,1.0546875,1.04296875,1.0546875,1.046875,1.0546875,1.04296875,1.02734375,1.02734375,1.02734375,0.94921875
178,1.0546875,1.04296875,1.0546875,1.046875,1.0546875,1.04296875,1.02734375,1.02734375,1.02734375,0.94921875,0.95703125
179,1.04296875,1.0546875,1.046875,1.0546875,1.04296875,1.02734375,1.02734375,1.02734375,0.94921875,0.95703125,1.02734375
180,1.0546875,1.046875,1.0546875,1.04296875,1.02734375,1.02734375,1.02734375,0.94921875,0.95703125,1.02734375,1.04296875
181,1.046875,1.0546875,1.04296875,1.02734375,1.02734375,1.02734375,0.94921875,0.95703125,1.02734375,1.04296875,0.95703125
182,1.0546875,1.04296875,1.02734375,1.02734375,1.02734375,0.94921875,0.95703125,1.02734375,1.04296875,0.95703125,0.95703125
183,1.04296875,1.02734375,1.02734375,1.02734375,0.94921875,0.95703125,1.02734375,1.04296875,0.95703125,0.95703125,1.02734375
184,1.02734375,1.02734375,1.02734375,0.94921875,0.95703125,1.02734375,1.04296875,0.95703125,0.95703125,1.02734375,1.02734375
185,1.02734375,1.02734375,0.94921875,0.95703125,1.02734375,1.04296875,0.95703125,0.95703125,1.02734375,1.02734375,1.046875
186,1.02734375,0.94921875,0.95703125,1.02734375,1.04296875,0.95703125,0.95703125,1.02734375,1.02734375,1.046875,1.046875
187,0.94921875,0.95703125,1.02734375,1.04296875,0.95703125,0.95703125,1.02734375,1.02734375,1.046875,1.046875,1.02734375
188,0.95703125,1.02734375,1.04296875,0.95703125,0.95703125,1.02734375,1.02734375,1.046875,1.046875,1.02734375,1.046875
189,1.02734375,1.04296875,0.95703125,0.95703125,1.02734375,1.02734375,1.046875,1.046875,1.02734375,1.046875,1.046875
190,1.04296875,0.95703125,0.95703125,1.02734375,1.02734375,1.046875,1.046875,1.02734375,1.046875,1.046875,1.046875
191,0.95703125,0.95703125,1.02734375,1.02734375,1.046875,1.046875,1.02734375,1.046875,1.046875,1.046875,1.046875
192,0.95703125,1.02734375,1.02734375,1.046875,1.046875,1.02734375,1.046875,1.046875,1.046875,1.046875,1.046875
193,1.02734375,1.02734375,1.046875,1.046875,1.02734375,1.046875,1.046875,1.046875,1.046875,1.046875,1.046875
194,1.02734375,1.046875,1.046875,1.02734375,1.046875,1.046875,1.046875,1.046875,1.046875,1.046875,1.046875
195,1.046875,1.046875,1.02734375,1.046875,1.046875,1.046875,1.046875,1.046875,1.046875,1.046875,1.02734375
196,1.046875,1.02734375,1.046875,1.046875,1.046875,1.046875,1.046875,1.046875,1.046875,1.02734375,1.04296875
197,1.02734375,1.046875,1.046875,1.046875,1.046875,1.046875,1.046875,1.046875,1.02734375,1.04296875,1.046875
198,1.046875,1.046875,1.046875,1.046875,1.046875,1.046875,1.046875,1.02734375,1.04296875,1.046875,1.046875
199,1.046875,1.046875,1.046875,1.046875,1.046875,1.046875,1.02734375,1.04296875,1.046875,1.046875,0.95703125
200,1.046875,1.046875,1.046875,1.046875,1.046875,1.02734375,1.04296875,1.046875,1.046875,0.95703125,0.94921875
201,1.046875,1.046875,1.046875,1.046875,1.02734375,1.04296875,1.046875,1.046875,0.95703125,0.94921875,1.02734375
202,1.046875,1.046875,1.046875,1.02734375,1.04296875,1.046875,1.046875,0.95703125,0.94921875,1.02734375,1.046875
203,1.046875,1.046875,1.02734375,1.04296875,1.046875,1.046875,0.95703125,0.94921875,1.02734375,1.046875,1.02734375
204,1.046875,1.02734375,1.04296875,1.046875,1.046875,0.95703125,0.94921875,1.02734375,1.046875,1.02734375,1.02734375
205,1.02734375,1.04296875,1.046875,1.046875,0.95703125,0.94921875,1.02734375,1.046875,1.02734375,1.02734375,0.94921875
206,1.04296875,1.046875,1.046875,0.95703125,0.94921875,1.02734375,1.046875,1.02734375,1.02734375,0.94921875,1.02734375
207,1.046875,1.046875,0.95703125,0.94921875,1.02734375,1.046875,1.02734375,1.02734375,0.94921875,1.02734375,1.02734375
208,1.046875,0.95703125,0.94921875,1.02734375,1.046875,1.02734375,1.02734375,0.94921875,1.02734375,1.02734375,1.02734375
209,0.95703125,0.94921875,1.02734375,1.046875,1.02734375,1.02734375,0.94921875,1.02734375,1.02734375,1.02734375,1.046875
210,0.94921875,1.02734375,1.046875,1.02734375,1.02734375,0.94921875,1.02734375,1.02734375,1.02734375,1.046875,1.02734375
211,1.02734375,1.046875,1.02734375,1.02734375,0.94921875,1.02734375,1.02734375,1.02734375,1.046875,1.02734375,1.02734375
212,1.046875,1.02734375,1.02734375,0.94921875,1.02734375,1.02734375,1.02734375,1.046875,1.02734375,1.02734375,1.02734375
213,1.02734375,1.02734375,0.94921875,1.02734375,1.02734375,1.02734375,1.046875,1.02734375,1.02734375,1.02734375,1.02734375
214,1.02734375,0.94921875,1.02734375,1.02734375,1.02734375,1.046875,1.02734375,1.02734375,1.02734375,1.02734375,0.94921875
215,0.94921875,1.02734375,1.02734375,1.02734375,1.046875,1.02734375,1.02734375,1.02734375,1.02734375,0.94921875,1.04296875
216,1.02734375,1.02734375,1.02734375,1.046875,1.02734375,1.02734375,1.02734375,1.02734375,0.94921875,1.04296875,1.02734375
217,1.02734375,1.02734375,1.046875,1.02734375,1.02734375,1.02734375,1.02734375,0.94921875,1.04296875,1.02734375,1.02734375
218,1.02734375,1.046875,1.02734375,1.02734375,1.02734375,1.02734375,0.94921875,1.04296875,1.02734375,1.02734375,1.02734375
219,1.046875,1.02734375,1.02734375,1.02734375,1.02734375,0.94921875,1.04296875,1.02734375,1.02734375,1.02734375,1.02734375
220,1.02734375,1.02734375,1.02734375,1.02734375,0.94921875,1.04296875,1.02734375,1.02734375,1.02734375,1.02734375,0.94921875
221,1.02734375,1.02734375,1.02734375,0.94921875,1.04296875,1.02734375,1.02734375,1.02734375,1.02734375,0.94921875,1.046875
222,1.02734375,1.02734375,0.94921875,1.04296875,1.02734375,1.02734375,1.02734375,1.02734375,0.94921875,1.046875,1.02734375
223,1.02734375,0.94921875,1.04296875,1.02734375,1.02734375,1.02734375,1.02734375,0.94921875,1.046875,1.02734375,1.046875
224,0.94921875,1.04296875,1.02734375,1.02734375,1.02734375,1.02734375,0.94921875,1.046875,1.02734375,1.046875,1.02734375
225,1.04296875,1.02734375,1.02734375,1.02734375,1.02734375,0.94921875,1.046875,1.02734375,1.046875,1.02734375,1.02734375
226,1.02734375,1.02734375,1.02734375,1.02734375,0.94921875,1.046875,1.02734375,1.046875,1.02734375,1.02734375,0.94921875
227,1.02734375,1.02734375,1.02734375,0.94921875,1.046875,1.02734375,1.046875,1.02734375,1.02734375,0.94921875,1.04296875
228,1.02734375,1.02734375,0.94921875,1.046875,1.02734375,1.046875,1.02734375,1.02734375,0.94921875,1.04296875,0.95703125
229,1.02734375,0.94921875,1.046875,1.02734375,1.046875,1.02734375,1.02734375,0.94921875,1.04296875,0.95703125,1.02734375
230,0.94921875,1.046875,1.02734375,1.046875,1.02734375,1.02734375,0.94921875,1.04296875,0.95703125,1.02734375,0.94921875
231,1.046875,1.02734375,1.046875,1.02734375,1.02734375,0.94921875,1.04296875,0.95703125,1.02734375,0.94921875,1.046875
232,1.02734375,1.046875,1.02734375,1.02734375,0.94921875,1.04296875,0.95703125,1.02734375,0.94921875,1.046875,0.95703125
233,1.046875,1.02734375,1.02734375,0.94921875,1.04296875,0.95703125,1.02734375,0.94921875,1.046875,0.95703125,0.94921875
234,1.02734375,1.02734375,0.94921875,1.04296875,0.95703125,1.02734375,0.94921875,1.046875,0.95703125,0.94921875,1.02734375
235,1.02734375,0.94921875,1.04296875,0.95703125,1.02734375,0.94921875,1.046875,0.95703125,0.94921875,1.02734375,1.046875
236,0.94921875,1.04296875,0.95703125,1.02734375,0.94921875,1.046875,0.95703125,0.94921875,1.02734375,1.046875,1.046875
237,1.04296875,0.95703125,1.02734375,0.94921875,1.046875,0.95703125,0.94921875,1.02734375,1.046875,1.046875,1.046875
238,0.95703125,1.02734375,0.94921875,1.046875,0.95703125,0.94921875,1.02734375,1.046875,1.046875,1.046875,1.046875
239,1.02734375,0.94921875,1.046875,0.95703125,0.94921875,1.02734375,1.046875,1.046875,1.046875,1.046875,1.02734375
240,0.94921875,1.046875,0.95703125,0.94921875,1.02734375,1.046875,1.046875,1.046875,1.046875,1.02734375,1.046875
241,1.046875,0.95703125,0.94921875,1.02734375,1.046875,1.046875,1.046875,1.046875,1.02734375,1.046875,1.046875
242,0.95703125,0.94921875,1.02734375,1.046875,1.046875,1.046875,1.046875,1.02734375,1.046875,1.046875,1.046875
243,0.94921875,1.02734375,1.046875,1.046875,1.046875,1.046875,1.02734375,1.046875,1.046875,1.046875,1.0546875
244,1.02734375,1.046875,1.046875,1.046875,1.046875,1.02734375,1.046875,1.046875,1.046875,1.0546875,1.0546875
245,1.046875,1.046875,1.046875,1.046875,1.02734375,1.046875,1.046875,1.046875,1.0546875,1.0546875,1.0546875
246,1.046875,1.046875,1.046875,1.02734375,1.046875,1.046875,1.046875,1.0546875,1.0546875,1.0546875,1.05859375
247,1.046875,1.046875,1.02734375,1.046875,1.046875,1.046875,1.0546875,1.0546875,1.0546875,1.05859375,1.046875
248,1.046875,1.02734375,1.046875,1.046875,1.046875,1.0546875,1.0546875,1.0546875,1.05859375,1.046875,1.03515625
249,1.02734375,1.046875,1.046875,1.046875,1.0546875,1.0546875,1.0546875,1.05859375,1.046875,1.03515625,1.140625
250,1.046875,1.046875,1.046875,1.0546875,1.0546875,1.0546875,1.05859375,1.046875,1.03515625,1.140625,1.140625
251,1.046875,1.046875,1.0546875,1.0546875,1.0546875,1.05859375,1.046875,1.03515625,1.140625,1.140625,1.140625
252,1.046875,1.0546875,1.0546875,1.0546875,1.05859375,1.046875,1.03515625,1.140625,1.140625,1.140625,1.04296875
253,1.0546875,1.0546875,1.0546875,1.05859375,1.046875,1.03515625,1.140625,1.140625,1.140625,1.04296875,1.140625
254,1.0546875,1.0546875,1.05859375,1.046875,1.03515625,1.140625,1.140625,1.140625,1.04296875,1.140625,1.140625
255,1.0546875,1.05859375,1.046875,1.03515625,1.140625,1.140625,1.140625,1.04296875,1.140625,1.140625,1.140625
256,1.05859375,1.046875,1.03515625,1.140625,1.140625,1.140625,1.04296875,1.140625,1.140625,1.140625,1.140625
257,1.046875,1.03515625,1.140625,1.140625,1.140625,1.04296875,1.140625,1.140625,1.140625,1.140625,1.0390625
258,1.03515625,1.140625,1.140625,1.140625,1.04296875,1.140625,1.140625,1.140625,1.140625,1.0390625,1.0390625
259,1.140625,1.140625,1.140625,1.04296875,1.140625,1.140625,1.140625,1.140625,1.0390625,1.0390625,1.046875
260,1.140625,1.140625,1.04296875,1.140625,1.140625,1.140625,1.140625,1.0390625,1.0390625,1.046875,1.140625
261,1.140625,1.04296875,1.140625,1.140625,1.140625,1.140625,1.0390625,1.0390625,1.046875,1.140625,1.140625
262,1.04296875,1.140625,1.140625,1.140625,1.140625,1.0390625,1.0390625,1.046875,1.140625,1.140625,1.140625
263,1.140625,1.140625,1.140625,1.140625,1.0390625,1.0390625,1.046875,1.140625,1.140625,1.140625,1.046875
264,1.140625,1.140625,1.140625,1.0390625,1.0390625,1.046875,1.140625,1.140625,1.140625,1.046875,1.046875
265,1.140625,1.140625,1.0390625,1.0390625,1.046875,1.140625,1.140625,1.140625,1.046875,1.046875,1.046875
266,1.140625,1.0390625,1.0390625,1.046875,1.140625,1.140625,1.140625,1.046875,1.046875,1.046875,1.140625
267,1.0390625,1.0390625,1.046875,1.140625,1.140625,1.140625,1.046875,1.046875,1.046875,1.140625,1.046875
268,1.0390625,1.046875,1.140625,1.140625,1.140625,1.046875,1.046875,1.046875,1.140625,1.046875,0.859375
269,1.046875,1.140625,1.140625,1.140625,1.046875,1.046875,1.046875,1.140625,1.046875,0.859375,0.859375
270,1.140625,1.140625,1.140625,1.046875,1.046875,1.046875,1.140625,1.046875,0.859375,0.859375,1.046875
271,1.140625,1.140625,1.046875,1.046875,1.046875,1.140625,1.046875,0.859375,0.859375,1.046875,1.046875
272,1.140625,1.046875,1.046875,1.046875,1.140625,1.046875,0.859375,0.859375,1.046875,1.046875,1.046875
273,1.046875,1.046875,1.046875,1.140625,1.046875,0.859375,0.859375,1.046875,1.046875,1.046875,1.140625
274,1.046875,1.046875,1.140625,1.046875,0.859375,0.859375,1.046875,1.046875,1.046875,1.140625,1.0546875
275,1.046875,1.140625,1.046875,0.859375,0.859375,1.046875,1.046875,1.046875,1.140625,1.0546875,1.0546875
276,1.140625,1.046875,0.859375,0.859375,1.046875,1.046875,1.046875,1.140625,1.0546875,1.0546875,0.95703125
277,1.046875,0.859375,0.859375,1.046875,1.046875,1.046875,1.140625,1.0546875,1.0546875,0.95703125,0.921875
278,0.859375,0.859375,1.046875,1.046875,1.046875,1.140625,1.0546875,1.0546875,0.95703125,0.921875,0.921875
279,0.859375,1.046875,1.046875,1.046875,1.140625,1.0546875,1.0546875,0.95703125,0.921875,0.921875,1.0546875
280,1.046875,1.046875,1.046875,1.140625,1.0546875,1.0546875,0.95703125,0.921875,0.921875,1.0546875,1.0546875
281,1.046875,1.046875,1.140625,1.0546875,1.0546875,0.95703125,0.921875,0.921875,1.0546875,1.0546875,0.99609375
282,1.046875,1.140625,1.0546875,1.0546875,0.95703125,0.921875,0.921875,1.0546875,1.0546875,0.99609375,1.0546875
283,1.140625,1.0546875,1.0546875,0.95703125,0.921875,0.921875,1.0546875,1.0546875,0.99609375,1.0546875,1.0546875
284,1.0546875,1.0546875,0.95703125,0.921875,0.921875,1.0546875,1.0546875,0.99609375,1.0546875,1.0546875,0.91796875
285,1.0546875,0.95703125,0.921875,0.921875,1.0546875,1.0546875,0.99609375,1.0546875,1.0546875,0.91796875,1.0546875
286,0.95703125,0.921875,0.921875,1.0546875,1.0546875,0.99609375,1.0546875,1.0546875,0.91796875,1.0546875,1.13671875
287,0.921875,0.921875,1.0546875,1.0546875,0.99609375,1.0546875,1.0546875,0.91796875,1.0546875,1.13671875,1.13671875
288,0.921875,1.0546875,1.0546875,0.99609375,1.0546875,1.0546875,0.91796875,1.0546875,1.13671875,1.13671875,1.13671875
289,1.0546875,1.0546875,0.99609375,1.0546875,1.0546875,0.91796875,1.0546875,1.13671875,1.13671875,1.13671875,1.13671875
290,1.0546875,0.99609375,1.0546875,1.0546875,0.91796875,1.0546875,1.13671875,1.13671875,1.13671875,1.13671875,0.921875
291,0.99609375,1.0546875,1.0546875,0.91796875,1.0546875,1.13671875,1.13671875,1.13671875,1.13671875,0.921875,0.921875
292,1.0546875,1.0546875,0.91796875,1.0546875,1.13671875,1.13671875,1.13671875,1.13671875,0.921875,0.921875,0.875
293,1.0546875,0.91796875,1.0546875,1.13671875,1.13671875,1.13671875,1.13671875,0.921875,0.921875,0.875,1.13671875
294,0.91796875,1.0546875,1.13671875,1.13671875,1.13671875,1.13671875,0.921875,0.921875,0.875,1.13671875,1.13671875
295,1.0546875,1.13671875,1.13671875,1.13671875,1.13671875,0.921875,0.921875,0.875,1.13671875,1.13671875,1.13671875
296,1.13671875,1.13671875,1.13671875,1.13671875,0.921875,0.921875,0.875,1.13671875,1.13671875,1.13671875,1.13671875
297,1.13671875,1.13671875,1.13671875,0.921875,0.921875,0.875,1.13671875,1.13671875,1.13671875,1.13671875,0.921875
298,1.13671875,1.13671875,0.921875,0.921875,0.875,1.13671875,1.13671875,1.13671875,1.13671875,0.921875,1.13671875
299,1.13671875,0.921875,0.921875,0.875,1.13671875,1.13671875,1.13671875,1.13671875,0.921875,1.13671875,0.875
300,0.921875,0.921875,0.875,1.13671875,1.13671875,1.13671875,1.13671875,0.921875,1.13671875,0.875,0.921875
301,0.921875,0.875,1.13671875,1.13671875,1.13671875,1.13671875,0.921875,1.13671875,0.875,0.921875,1.13671875
302,0.875,1.13671875,1.13671875,1.13671875,1.13671875,0.921875,1.13671875,0.875,0.921875,1.13671875,0.875
303,1.13671875,1.13671875,1.13671875,1.13671875,0.921875,1.13671875,0.875,0.921875,1.13671875,0.875,1.13671875
304,1.13671875,1.13671875,1.13671875,0.921875,1.13671875,0.875,0.921875,1.13671875,0.875,1.13671875,0.95703125
305,1.13671875,1.13671875,0.921875,1.13671875,0.875,0.921875,1.13671875,0.875,1.13671875,0.95703125,0.95703125
306,1.13671875,0.921875,1.13671875,0.875,0.921875,1.13671875,0.875,1.13671875,0.95703125,0.95703125,1.05078125
307,0.921875,1.13671875,0.875,0.921875,1.13671875,0.875,1.13671875,0.95703125,0.95703125,1.05078125,1.05078125
308,1.13671875,0.875,0.921875,1.13671875,0.875,1.13671875,0.95703125,0.95703125,1.05078125,1.05078125,0.921875
309,0.875,0.921875,1.13671875,0.875,1.13671875,0.95703125,0.95703125,1.05078125,1.05078125,0.921875,1.05078125
310,0.921875,1.13671875,0.875,1.13671875,0.95703125,0.95703125,1.05078125,1.05078125,0.921875,1.05078125,1.05078125
311,1.13671875,0.875,1.13671875,0.95703125,0.95703125,1.05078125,1.05078125,0.921875,1.05078125,1.05078125,0.87890625
312,0.875,1.13671875,0.95703125,0.95703125,1.05078125,1.05078125,0.921875,1.05078125,1.05078125,0.87890625,0.921875
313,1.13671875,0.95703125,0.95703125,1.05078125,1.05078125,0.921875,1.05078125,1.05078125,0.87890625,0.921875,0.921875
314,0.95703125,0.95703125,1.05078125,1.05078125,0.921875,1.05078125,1.05078125,0.87890625,0.921875,0.921875,1.05078125
315,0.95703125,1.05078125,1.05078125,0.921875,1.05078125,1.05078125,0.87890625,0.921875,0.921875,1.05078125,1.0390625
316,1.05078125,1.05078125,0.921875,1.05078125,1.05078125,0.87890625,0.921875,0.921875,1.05078125,1.0390625,1.05078125
317,1.05078125,0.921875,1.05078125,1.05078125,0.87890625,0.921875,0.921875,1.05078125,1.0390625,1.05078125,1.13671875
318,0.921875,1.05078125,1.05078125,0.87890625,0.921875,0.921875,1.05078125,1.0390625,1.05078125,1.13671875,1.0390625
319,1.05078125,1.05078125,0.87890625,0.921875,0.921875,1.05078125,1.0390625,1.05078125,1.13671875,1.0390625,0.95703125
320,1.05078125,0.87890625,0.921875,0.921875,1.05078125,1.0390625,1.05078125,1.13671875,1.0390625,0.95703125,0.921875
321,0.87890625,0.921875,0.921875,1.05078125,1.0390625,1.05078125,1.13671875,1.0390625,0.95703125,0.921875,1.05078125
322,0.921875,0.921875,1.05078125,1.0390625,1.05078125,1.13671875,1.0390625,0.95703125,0.921875,1.05078125,0.91796875
323,0.921875,1.05078125,1.0390625,1.05078125,1.13671875,1.0390625,0.95703125,0.921875,1.05078125,0.91796875,0.921875
324,1.05078125,1.0390625,1.05078125,1.13671875,1.0390625,0.95703125,0.921875,1.05078125,0.91796875,0.921875,0.9921875
325,1.0390625,1.05078125,1.13671875,1.0390625,0.95703125,0.921875,1.05078125,0.91796875,0.921875,0.9921875,0.91796875
326,1.05078125,1.13671875,1.0390625,0.95703125,0.921875,1.05078125,0.91796875,0.921875,0.9921875,0.91796875,1.05078125
327,1.13671875,1.0390625,0.95703125,0.921875,1.05078125,0.91796875,0.921875,0.9921875,0.91796875,1.05078125,0.921875
328,1.0390625,0.95703125,0.921875,1.05078125,0.91796875,0.921875,0.9921875,0.91796875,1.05078125,0.921875,0.921875
329,0.95703125,0.921875,1.05078125,0.91796875,0.921875,0.9921875,0.91796875,1.05078125,0.921875,0.921875,1.05078125
330,0.921875,1.05078125,0.91796875,0.921875,0.9921875,0.91796875,1.05078125,0.921875,0.921875,1.05078125,1.05078125
331,1.05078125,0.91796875,0.921875,0.9921875,0.91796875,1.05078125,0.921875,0.921875,1.05078125,1.05078125,0.921875
332,0.91796875,0.921875,0.9921875,0.91796875,1.05078125,0.921875,0.921875,1.05078125,1.05078125,0.921875,0.921875
333,0.921875,0.9921875,0.91796875,1.05078125,0.921875,0.921875,1.05078125,1.05078125,0.921875,0.921875,1.04296875
334,0.9921875,0.91796875,1.05078125,0.921875,0.921875,1.05078125,1.05078125,0.921875,0.921875,1.04296875,1.046875
335,0.91796875,1.05078125,0.921875,0.921875,1.05078125,1.05078125,0.921875,0.921875,1.04296875,1.046875,1.05078125
336,1.05078125,0.921875,0.921875,1.05078125,1.05078125,0.921875,0.921875,1.04296875,1.046875,1.05078125,0.921875
337,0.921875,0.921875,1.05078125,1.05078125,0.921875,0.921875,1.04296875,1.046875,1.05078125,0.921875,0.921875
338,0.921875,1.05078125,1.05078125,0.921875,0.921875,1.04296875,1.046875,1.05078125,0.921875,0.921875,0.921875
339,1.05078125,1.05078125,0.921875,0.921875,1.04296875,1.046875,1.05078125,0.921875,0.921875,0.921875,1.05078125
340,1.05078125,0.921875,0.921875,1.04296875,1.046875,1.05078125,0.921875,0.921875,0.921875,1.05078125,0.921875
341,0.921875,0.921875,1.04296875,1.046875,1.05078125,0.921875,0.921875,0.921875,1.05078125,0.921875,0.921875
342,0.921875,1.04296875,1.046875,1.05078125,0.921875,0.921875,0.921875,1.05078125,0.921875,0.921875,0.91796875
343,1.04296875,1.046875,1.05078125,0.921875,0.921875,0.921875,1.05078125,0.921875,0.921875,0.91796875,1.04296875
344,1.046875,1.05078125,0.921875,0.921875,0.921875,1.05078125,0.921875,0.921875,0.91796875,1.04296875,1.05078125
345,1.05078125,0.921875,0.921875,0.921875,1.05078125,0.921875,0.921875,0.91796875,1.04296875,1.05078125,1.13671875
346,0.921875,0.921875,0.921875,1.05078125,0.921875,0.921875,0.91796875,1.04296875,1.05078125,1.13671875,1.04296875
347,0.921875,0.921875,1.05078125,0.921875,0.921875,0.91796875,1.04296875,1.05078125,1.13671875,1.04296875,1.13671875
348,0.921875,1.05078125,0.921875,0.921875,0.91796875,1.04296875,1.05078125,1.13671875,1.04296875,1.13671875,0.921875
349,1.05078125,0.921875,0.921875,0.91796875,1.04296875,1.05078125,1.13671875,1.04296875,1.13671875,0.921875,1.046875
350,0.921875,0.921875,0.91796875,1.04296875,1.05078125,1.13671875,1.04296875,1.13671875,0.921875,1.046875,1.04296875
351,0.921875,0.91796875,1.04296875,1.05078125,1.13671875,1.04296875,1.13671875,0.921875,1.046875,1.04296875,1.046875
352,0.91796875,1.04296875,1.05078125,1.13671875,1.04296875,1.13671875,0.921875,1.046875,1.04296875,1.046875,1.046875
353,1.04296875,1.05078125,1.13671875,1.04296875,1.13671875,0.921875,1.046875,1.04296875,1.046875,1.046875,0.91796875
354,1.05078125,1.13671875,1.04296875,1.13671875,0.921875,1.046875,1.04296875,1.046875,1.046875,0.91796875,1.046875
355,1.13671875,1.04296875,1.13671875,0.921875,1.046875,1.04296875,1.046875,1.046875,0.91796875,1.046875,1.13671875
356,1.04296875,1.13671875,0.921875,1.046875,1.04296875,1.046875,1.046875,0.91796875,1.046875,1.13671875,1.046875
357,1.13671875,0.921875,1.046875,1.04296875,1.046875,1.046875,0.91796875,1.046875,1.13671875,1.046875,1.046875
358,0.921875,1.046875,1.04296875,1.046875,1.046875,0.91796875,1.046875,1.13671875,1.046875,1.046875,1.046875
359,1.046875,1.04296875,1.046875,1.046875,0.91796875,1.046875,1.13671875,1.046875,1.046875,1.046875,1.046875
360,1.04296875,1.046875,1.046875,0.91796875,1.046875,1.13671875,1.046875,1.046875,1.046875,1.046875,1.046875
361,1.046875,1.046875,0.91796875,1.046875,1.13671875,1.046875,1.046875,1.046875,1.046875,1.046875,1.046875
362,1.046875,0.91796875,1.046875,1.13671875,1.046875,1.046875,1.046875,1.046875,1.046875,1.046875,1.05859375
363,0.91796875,1.046875,1.13671875,1.046875,1.046875,1.046875,1.046875,1.046875,1.046875,1.05859375,0.91796875
364,1.046875,1.13671875,1.046875,1.046875,1.046875,1.046875,1.046875,1.046875,1.05859375,0.91796875,1.0390625
365,1.13671875,1.046875,1.046875,1.046875,1.046875,1.046875,1.046875,1.05859375,0.91796875,1.0390625,1.046875
366,1.046875,1.046875,1.046875,1.046875,1.046875,1.046875,1.05859375,0.91796875,1.0390625,1.046875,0.91796875
367,1.046875,1.046875,1.046875,1.046875,1.046875,1.05859375,0.91796875,1.0390625,1.046875,0.91796875,1.046875
368,1.046875,1.046875,1.046875,1.046875,1.05859375,0.91796875,1.0390625,1.046875,0.91796875,1.046875,1.046875
369,1.046875,1.046875,1.046875,1.05859375,0.91796875,1.0390625,1.046875,0.91796875,1.046875,1.046875,1.0546875
370,1.046875,1.046875,1.05859375,0.91796875,1.0390625,1.046875,0.91796875,1.046875,1.046875,1.0546875,0.91796875
371,1.046875,1.05859375,0.91796875,1.0390625,1.046875,0.91796875,1.046875,1.046875,1.0546875,0.91796875,0.91796875
372,1.05859375,0.91796875,1.0390625,1.046875,0.91796875,1.046875,1.046875,1.0546875,0.91796875,0.91796875,1.0546875
373,0.91796875,1.0390625,1.046875,0.91796875,1.046875,1.046875,1.0546875,0.91796875,0.91796875,1.0546875,0.91796875
374,1.0390625,1.046875,0.91796875,1.046875,1.046875,1.0546875,0.91796875,0.91796875,1.0546875,0.91796875,1.0546875
375,1.046875,0.91796875,1.046875,1.046875,1.0546875,0.91796875,0.91796875,1.0546875,0.91796875,1.0546875,1.0546875
376,0.91796875,1.046875,1.046875,1.0546875,0.91796875,0.91796875,1.0546875,0.91796875,1.0546875,1.0546875,0.91796875
377,1.046875,1.046875,1.0546875,0.91796875,0.91796875,1.0546875,0.91796875,1.0546875,1.0546875,0.91796875,1.0546875
378,1.046875,1.0546875,0.91796875,0.91796875,1.0546875,0.91796875,1.0546875,1.0546875,0.91796875,1.0546875,0.91796875
379,1.0546875,0.91796875,0.91796875,1.0546875,0.91796875,1.0546875,1.0546875,0.91796875,1.0546875,0.91796875,1.0546875
380,0.91796875,0.91796875,1.0546875,0.91796875,1.0546875,1.0546875,0.91796875,1.0546875,0.91796875,1.0546875,0.91796875
381,0.91796875,1.0546875,0.91796875,1.0546875,1.0546875,0.91796875,1.0546875,0.91796875,1.0546875,0.91796875,1.0546875
382,1.0546875,0.91796875,1.0546875,1.0546875,0.91796875,1.0546875,0.91796875,1.0546875,0.91796875,1.0546875,0.91796875
383,0.91796875,1.0546875,1.0546875,0.91796875,1.0546875,0.91796875,1.0546875,0.91796875,1.0546875,0.91796875,0.91796875
384,1.0546875,1.0546875,0.91796875,1.0546875,0.91796875,1.0546875,0.91796875,1.0546875,0.91796875,0.91796875,1.0546875
385,1.0546875,0.91796875,1.0546875,0.91796875,1.0546875,0.91796875,1.0546875,0.91796875,0.91796875,1.0546875,1.0546875
386,0.91796875,1.0546875,0.91796875,1.0546875,0.91796875,1.0546875,0.91796875,0.91796875,1.0546875,1.0546875,0.91796875
387,1.0546875,0.91796875,1.0546875,0.91796875,1.0546875,0.91796875,0.91796875,1.0546875,1.0546875,0.91796875,0.91796875
388,0.91796875,1.0546875,0.91796875,1.0546875,0.91796875,0.91796875,1.0546875,1.0546875,0.91796875,0.91796875,0.91796875
389,1.0546875,0.91796875,1.0546875,0.91796875,0.91796875,1.0546875,1.0546875,0.91796875,0.91796875,0.91796875,0.91796875
390,0.91796875,1.0546875,0.91796875,0.91796875,1.0546875,1.0546875,0.91796875,0.91796875,0.91796875,0.91796875,1.0546875
391,1.0546875,0.91796875,0.91796875,1.0546875,1.0546875,0.91796875,0.91796875,0.91796875,0.91796875,1.0546875,0.91796875
392,0.91796875,0.91796875,1.0546875,1.0546875,0.91796875,0.91796875,0.91796875,0.91796875,1.0546875,0.91796875,1.0546875
393,0.91796875,1.0546875,1.0546875,0.91796875,0.91796875,0.91796875,0.91796875,1.0546875,0.91796875,1.0546875,1.0546875
394,1.0546875,1.0546875,0.91796875,0.91796875,0.91796875,0.91796875,1.0546875,0.91796875,1.0546875,1.0546875,1.046875
395,1.0546875,0.91796875,0.91796875,0.91796875,0.91796875,1.0546875,0.91796875,1.0546875,1.0546875,1.046875,1.046875
396,0.91796875,0.91796875,0.91796875,0.91796875,1.0546875,0.91796875,1.0546875,1.0546875,1.046875,1.046875,1.046875
397,0.91796875,0.91796875,0.91796875,1.0546875,0.91796875,1.0546875,1.0546875,1.046875,1.046875,1.046875,1.046875
398,0.91796875,0.91796875,1.0546875,0.91796875,1.0546875,1.0546875,1.046875,1.046875,1.046875,1.046875,0.91796875
399,0.91796875,1.0546875,0.91796875,1.0546875,1.0546875,1.046875,1.046875,1.046875,1.046875,0.91796875,1.0546875
400,1.0546875,0.91796875,1.0546875,1.0546875,1.046875,1.046875,1.046875,1.046875,0.91796875,1.0546875,1.0546875
401,0.91796875,1.0546875,1.0546875,1.046875,1.046875,1.046875,1.046875,0.91796875,1.0546875,1.0546875,1.046875
402,1.0546875,1.0546875,1.046875,1.046875,1.046875,1.046875,0.91796875,1.0546875,1.0546875,1.046875,1.046875
403,1.0546875,1.046875,1.046875,1.046875,1.046875,0.91796875,1.0546875,1.0546875,1.046875,1.046875,1.0546875
404,1.046875,1.046875,1.046875,1.046875,0.91796875,1.0546875,1.0546875,1.046875,1.046875,1.0546875,0.91796875
405,1.046875,1.046875,1.046875,0.91796875,1.0546875,1.0546875,1.046875,1.046875,1.0546875,0.91796875,1.046875
406,1.046875,1.046875,0.91796875,1.0546875,1.0546875,1.046875,1.046875,1.0546875,0.91796875,1.046875,1.0546875
407,1.046875,0.91796875,1.0546875,1.0546875,1.046875,1.046875,1.0546875,0.91796875,1.046875,1.0546875,1.0546875
408,0.91796875,1.0546875,1.0546875,1.046875,1.046875,1.0546875,0.91796875,1.046875,1.0546875,1.0546875,1.046875
409,1.0546875,1.0546875,1.046875,1.046875,1.0546875,0.91796875,1.046875,1.0546875,1.0546875,1.046875,1.046875
410,1.0546875,1.046875,1.046875,1.0546875,0.91796875,1.046875,1.0546875,1.0546875,1.046875,1.046875,1.0546875
411,1.046875,1.046875,1.0546875,0.91796875,1.046875,1.0546875,1.0546875,1.046875,1.046875,1.0546875,1.046875
412,1.046875,1.0546875,0.91796875,1.046875,1.0546875,1.0546875,1.046875,1.046875,1.0546875,1.046875,1.0546875
413,1.0546875,0.91796875,1.046875,1.0546875,1.0546875,1.046875,1.046875,1.0546875,1.046875,1.0546875,0.9296875
414,0.91796875,1.046875,1.0546875,1.0546875,1.046875,1.046875,1.0546875,1.046875,1.0546875,0.9296875,1.046875
415,1.046875,1.0546875,1.0546875,1.046875,1.046875,1.0546875,1.046875,1.0546875,0.9296875,1.046875,0.91796875
416,1.0546875,1.0546875,1.046875,1.046875,1.0546875,1.046875,1.0546875,0.9296875,1.046875,0.91796875,1.046875
417,1.0546875,1.046875,1.046875,1.0546875,1.046875,1.0546875,0.9296875,1.046875,0.91796875,1.046875,0.91796875
418,1.046875,1.046875,1.0546875,1.046875,1.0546875,0.9296875,1.046875,0.91796875,1.046875,0.91796875,1.05859375
419,1.046875,1.0546875,1.046875,1.0546875,0.9296875,1.046875,0.91796875,1.046875,0.91796875,1.05859375,1.05859375
420,1.0546875,1.046875,1.0546875,0.9296875,1.046875,0.91796875,1.046875,0.91796875,1.05859375,1.05859375,1.046875
421,1.046875,1.0546875,0.9296875,1.046875,0.91796875,1.046875,0.91796875,1.05859375,1.05859375,1.046875,0.921875
422,1.0546875,0.9296875,1.046875,0.91796875,1.046875,0.91796875,1.05859375,1.05859375,1.046875,0.921875,0.91796875
423,0.9296875,1.046875,0.91796875,1.046875,0.91796875,1.05859375,1.05859375,1.046875,0.921875,0.91796875,1.13671875
424,1.046875,0.91796875,1.046875,0.91796875,1.05859375,1.05859375,1.046875,0.921875,0.91796875,1.13671875,0.921875
425,0.91796875,1.046875,0.91796875,1.05859375,1.05859375,1.046875,0.921875,0.91796875,1.13671875,0.921875,1.13671875
426,1.046875,0.91796875,1.05859375,1.05859375,1.046875,0.921875,0.91796875,1.13671875,0.921875,1.13671875,1.0390625
427,0.91796875,1.05859375,1.05859375,1.046875,0.921875,0.91796875,1.13671875,0.921875,1.13671875,1.0390625,1.13671875
428,1.05859375,1.05859375,1.046875,0.921875,0.91796875,1.13671875,0.921875,1.13671875,1.0390625,1.13671875,0.921875
429,1.05859375,1.046875,0.921875,0.91796875,1.13671875,0.921875,1.13671875,1.0390625,1.13671875,0.921875,1.13671875
430,1.046875,0.921875,0.91796875,1.13671875,0.921875,1.13671875,1.0390625,1.13671875,0.921875,1.13671875,1.04296875
431,0.921875,0.91796875,1.13671875,0.921875,1.13671875,1.0390625,1.13671875,0.921875,1.13671875,1.04296875,1.03125
432,0.91796875,1.13671875,0.921875,1.13671875,1.0390625,1.13671875,0.921875,1.13671875,1.04296875,1.03125,1.05078125
433,1.13671875,0.921875,1.13671875,1.0390625,1.13671875,0.921875,1.13671875,1.04296875,1.03125,1.05078125,1.05078125
434,0.921875,1.13671875,1.0390625,1.13671875,0.921875,1.13671875,1.04296875,1.03125,1.05078125,1.05078125,0.921875
435,1.13671875,1.0390625,1.13671875,0.921875,1.13671875,1.04296875,1.03125,1.05078125,1.05078125,0.921875,0.91796875
436,1.0390625,1.13671875,0.921875,1.13671875,1.04296875,1.03125,1.05078125,1.05078125,0.921875,0.91796875,0.921875
437,1.13671875,0.921875,1.13671875,1.04296875,1.03125,1.05078125,1.05078125,0.921875,0.91796875,0.921875,1.05078125
438,0.921875,1.13671875,1.04296875,1.03125,1.05078125,1.05078125,0.921875,0.91796875,0.921875,1.05078125,0.91796875
439,1.13671875,1.04296875,1.03125,1.05078125,1.05078125,0.921875,0.91796875,0.921875,1.05078125,0.91796875,0.91796875
440,1.04296875,1.03125,1.05078125,1.05078125,0.921875,0.91796875,0.921875,1.05078125,0.91796875,0.91796875,1.04296875
441,1.03125,1.05078125,1.05078125,0.921875,0.91796875,0.921875,1.05078125,0.91796875,0.91796875,1.04296875,1.0546875
442,1.05078125,1.05078125,0.921875,0.91796875,0.921875,1.05078125,0.91796875,0.91796875,1.04296875,1.0546875,1.0546875
443,1.05078125,0.921875,0.91796875,0.921875,1.05078125,0.91796875,0.91796875,1.04296875,1.0546875,1.0546875,1.04296875
444,0.921875,0.91796875,0.921875,1.05078125,0.91796875,0.91796875,1.04296875,1.0546875,1.0546875,1.04296875,1.03515625
445,0.91796875,0.921875,1.05078125,0.91796875,0.91796875,1.04296875,1.0546875,1.0546875,1.04296875,1.03515625,1.0546875
446,0.921875,1.05078125,0.91796875,0.91796875,1.04296875,1.0546875,1.0546875,1.04296875,1.03515625,1.0546875,0.91796875
447,1.05078125,0.91796875,0.91796875,1.04296875,1.0546875,1.0546875,1.04296875,1.03515625,1.0546875,0.91796875,0.91796875
448,0.91796875,0.91796875,1.04296875,1.0546875,1.0546875,1.04296875,1.03515625,1.0546875,0.91796875,0.91796875,0.921875
449,0.91796875,1.04296875,1.0546875,1.0546875,1.04296875,1.03515625,1.0546875,0.91796875,0.91796875,0.921875,0.91796875
450,1.04296875,1.0546875,1.0546875,1.04296875,1.03515625,1.0546875,0.91796875,0.91796875,0.921875,0.91796875,0.91796875
451,1.0546875,1.0546875,1.04296875,1.03515625,1.0546875,0.91796875,0.91796875,0.921875,0.91796875,0.91796875,0.921875
452,1.0546875,1.04296875,1.03515625,1.0546875,0.91796875,0.91796875,0.921875,0.91796875,0.91796875,0.921875,1.0546875
453,1.04296875,1.03515625,1.0546875,0.91796875,0.91796875,0.921875,0.91796875,0.91796875,0.921875,1.0546875,1.0546875
454,1.03515625,1.0546875,0.91796875,0.91796875,0.921875,0.91796875,0.91796875,0.921875,1.0546875,1.0546875,1.0546875
455,1.0546875,0.91796875,0.91796875,0.921875,0.91796875,0.91796875,0.921875,1.0546875,1.0546875,1.0546875,0.91796875
456,0.91796875,0.91796875,0.921875,0.91796875,0.91796875,0.921875,1.0546875,1.0546875,1.0546875,0.91796875,0.78515625
457,0.91796875,0.921875,0.91796875,0.91796875,0.921875,1.0546875,1.0546875,1.0546875,0.91796875,0.78515625,1.0546875
458,0.921875,0.91796875,0.91796875,0.921875,1.0546875,1.0546875,1.0546875,0.91796875,0.78515625,1.0546875,0.78125
459,0.91796875,0.91796875,0.921875,1.0546875,1.0546875,1.0546875,0.91796875,0.78515625,1.0546875,0.78125,1.03125
460,0.91796875,0.921875,1.0546875,1.0546875,1.0546875,0.91796875,0.78515625,1.0546875,0.78125,1.03125,0.78125
461,0.921875,1.0546875,1.0546875,1.0546875,0.91796875,0.78515625,1.0546875,0.78125,1.03125,0.78125,1.03125
462,1.0546875,1.0546875,1.0546875,0.91796875,0.78515625,1.0546875,0.78125,1.03125,0.78125,1.03125,1.03125
463,1.0546875,1.0546875,0.91796875,0.78515625,1.0546875,0.78125,1.03125,0.78125,1.03125,1.03125,1.03125
464,1.0546875,0.91796875,0.78515625,1.0546875,0.78125,1.03125,0.78125,1.03125,1.03125,1.03125,0.78515625
465,0.91796875,0.78515625,1.0546875,0.78125,1.03125,0.78125,1.03125,1.03125,1.03125,0.78515625,1.03125
466,0.78515625,1.0546875,0.78125,1.03125,0.78125,1.03125,1.03125,1.03125,0.78515625,1.03125,0.78125
467,1.0546875,0.78125,1.03125,0.78125,1.03125,1.03125,1.03125,0.78515625,1.03125,0.78125,1.03125
468,0.78125,1.03125,0.78125,1.03125,1.03125,1.03125,0.78515625,1.03125,0.78125,1.03125,1.03125
469,1.03125,0.78125,1.03125,1.03125,1.03125,0.78515625,1.03125,0.78125,1.03125,1.03125,0.78125
470,0.78125,1.03125,1.03125,1.03125,0.78515625,1.03125,0.78125,1.03125,1.03125,0.78125,0.78125
471,1.03125,1.03125,1.03125,0.78515625,1.03125,0.78125,1.03125,1.03125,0.78125,0.78125,0.78125
472,1.03125,1.03125,0.78515625,1.03125,0.78125,1.03125,1.03125,0.78125,0.78125,0.78125,0.9296875
473,1.03125,0.78515625,1.03125,0.78125,1.03125,1.03125,0.78125,0.78125,0.78125,0.9296875,0.9296875
474,0.78515625,1.03125,0.78125,1.03125,1.03125,0.78125,0.78125,0.78125,0.9296875,0.9296875,0.9296875
475,1.03125,0.78125,1.03125,1.03125,0.78125,0.78125,0.78125,0.9296875,0.9296875,0.9296875,0.9296875
476,0.78125,1.03125,1.03125,0.78125,0.78125,0.78125,0.9296875,0.9296875,0.9296875,0.9296875,1.0
477,1.03125,1.03125,0.78125,0.78125,0.78125,0.9296875,0.9296875,0.9296875,0.9296875,1.0,0.78125
478,1.03125,0.78125,0.78125,0.78125,0.9296875,0.9296875,0.9296875,0.9296875,1.0,0.78125,0.92578125
479,0.78125,0.78125,0.78125,0.9296875,0.9296875,0.9296875,0.9296875,1.0,0.78125,0.92578125,0.92578125
480,0.78125,0.78125,0.9296875,0.9296875,0.9296875,0.9296875,1.0,0.78125,0.92578125,0.92578125,0.69140625
481,0.78125,0.9296875,0.9296875,0.9296875,0.9296875,1.0,0.78125,0.92578125,0.92578125,0.69140625,0.69140625
482,0.9296875,0.9296875,0.9296875,0.9296875,1.0,0.78125,0.92578125,0.92578125,0.69140625,0.69140625,0.69140625
483,0.9296875,0.9296875,0.9296875,1.0,0.78125,0.92578125,0.92578125,0.69140625,0.69140625,0.69140625,0.6875
484,0.9296875,0.9296875,1.0,0.78125,0.92578125,0.92578125,0.69140625,0.69140625,0.69140625,0.6875,0.796875
485,0.9296875,1.0,0.78125,0.92578125,0.92578125,0.69140625,0.69140625,0.69140625,0.6875,0.796875,0.796875
486,1.0,0.78125,0.92578125,0.92578125,0.69140625,0.69140625,0.69140625,0.6875,0.796875,0.796875,0.796875
487,0.78125,0.92578125,0.92578125,0.69140625,0.69140625,0.69140625,0.6875,0.796875,0.796875,0.796875,0.796875
488,0.92578125,0.92578125,0.69140625,0.69140625,0.69140625,0.6875,0.796875,0.796875,0.796875,0.796875,0.796875
489,0.92578125,0.69140625,0.69140625,0.69140625,0.6875,0.796875,0.796875,0.796875,0.796875,0.796875,0.796875
490,0.69140625,0.69140625,0.69140625,0.6875,0.796875,0.796875,0.796875,0.796875,0.796875,0.796875,0.796875
491,0.69140625,0.69140625,0.6875,0.796875,0.796875,0.796875,0.796875,0.796875,0.796875,0.796875,0.796875
492,0.69140625,0.6875,0.796875,0.796875,0.796875,0.796875,0.796875,0.796875,0.796875,0.796875,0.796875
493,0.6875,0.796875,0.796875,0.796875,0.796875,0.796875,0.796875,0.796875,0.796875,0.796875,0.78515625
494,0.796875,0.796875,0.796875,0.796875,0.796875,0.796875,0.796875,0.796875,0.796875,0.78515625,1.0
495,0.796875,0.796875,0.796875,0.796875,0.796875,0.796875,0.796875,0.796875,0.78515625,1.0,0.91796875
496,0.796875,0.796875,0.796875,0.796875,0.796875,0.796875,0.796875,0.78515625,1.0,0.91796875,0.78125
497,0.796875,0.796875,0.796875,0.796875,0.796875,0.796875,0.78515625,1.0,0.91796875,0.78125,0.796875
498,0.796875,0.796875,0.796875,0.796875,0.796875,0.78515625,1.0,0.91796875,0.78125,0.796875,0.796875
499,0.796875,0.796875,0.796875,0.796875,0.78515625,1.0,0.91796875,0.78125,0.796875,0.796875,1.0
500,0.796875,0.796875,0.796875,0.78515625,1.0,0.91796875,0.78125,0.796875,0.796875,1.0,0.76171875
501,0.796875,0.796875,0.78515625,1.0,0.91796875,0.78125,0.796875,0.796875,1.0,0.76171875,0.796875
502,0.796875,0.78515625,1.0,0.91796875,0.78125,0.796875,0.796875,1.0,0.76171875,0.796875,0.76171875
503,0.78515625,1.0,0.91796875,0.78125,0.796875,0.796875,1.0,0.76171875,0.796875,0.76171875,1.0
504,1.0,0.91796875,0.78125,0.796875,0.796875,1.0,0.76171875,0.796875,0.76171875,1.0,1.0
505,0.91796875,0.78125,0.796875,0.796875,1.0,0.76171875,0.796875,0.76171875,1.0,1.0,0.79296875
506,0.78125,0.796875,0.796875,1.0,0.76171875,0.796875,0.76171875,1.0,1.0,0.79296875,0.79296875
507,0.796875,0.796875,1.0,0.76171875,0.796875,0.76171875,1.0,1.0,0.79296875,0.79296875,0.79296875
508,0.796875,1.0,0.76171875,0.796875,0.76171875,1.0,1.0,0.79296875,0.79296875,0.79296875,0.79296875
509,1.0,0.76171875,0.796875,0.76171875,1.0,1.0,0.79296875,0.79296875,0.79296875,0.79296875,0.76171875
510,0.76171875,0.796875,0.76171875,1.0,1.0,0.79296875,0.79296875,0.79296875,0.79296875,0.76171875,0.796875
511,0.796875,0.76171875,1.0,1.0,0.79296875,0.79296875,0.79296875,0.79296875,0.76171875,0.796875,0.796875
512,0.76171875,1.0,1.0,0.79296875,0.79296875,0.79296875,0.79296875,0.76171875,0.796875,0.796875,0.796875
513,1.0,1.0,0.79296875,0.79296875,0.79296875,0.79296875,0.76171875,0.796875,0.796875,0.796875,0.79296875
514,1.0,0.79296875,0.79296875,0.79296875,0.79296875,0.76171875,0.796875,0.796875,0.796875,0.79296875,0.76171875
515,0.79296875,0.79296875,0.79296875,0.79296875,0.76171875,0.796875,0.796875,0.796875,0.79296875,0.76171875,0.79296875
516,0.79296875,0.79296875,0.79296875,0.76171875,0.796875,0.796875,0.796875,0.79296875,0.76171875,0.79296875,0.76171875
517,0.79296875,0.79296875,0.76171875,0.796875,0.796875,0.796875,0.79296875,0.76171875,0.79296875,0.76171875,0.79296875
518,0.79296875,0.76171875,0.796875,0.796875,0.796875,0.79296875,0.76171875,0.79296875,0.76171875,0.79296875,1.0
519,0.76171875,0.796875,0.796875,0.796875,0.79296875,0.76171875,0.79296875,0.76171875,0.79296875,1.0,0.9140625
520,0.796875,0.796875,0.796875,0.79296875,0.76171875,0.79296875,0.76171875,0.79296875,1.0,0.9140625,0.79296875
521,0.796875,0.796875,0.79296875,0.76171875,0.79296875,0.76171875,0.79296875,1.0,0.9140625,0.79296875,0.79296875
522,0.796875,0.79296875,0.76171875,0.79296875,0.76171875,0.79296875,1.0,0.9140625,0.79296875,0.79296875,0.79296875
523,0.79296875,0.76171875,0.79296875,0.76171875,0.79296875,1.0,0.9140625,0.79296875,0.79296875,0.79296875,0.76171875
524,0.76171875,0.79296875,0.76171875,0.79296875,1.0,0.9140625,0.79296875,0.79296875,0.79296875,0.76171875,0.79296875
525,0.79296875,0.76171875,0.79296875,1.0,0.9140625,0.79296875,0.79296875,0.79296875,0.76171875,0.79296875,0.79296875
526,0.76171875,0.79296875,1.0,0.9140625,0.79296875,0.79296875,0.79296875,0.76171875,0.79296875,0.79296875,0.79296875
527,0.79296875,1.0,0.9140625,0.79296875,0.79296875,0.79296875,0.76171875,0.79296875,0.79296875,0.79296875,0.79296875
528,1.0,0.9140625,0.79296875,0.79296875,0.79296875,0.76171875,0.79296875,0.79296875,0.79296875,0.79296875,0.79296875
529,0.9140625,0.79296875,0.79296875,0.79296875,0.76171875,0.79296875,0.79296875,0.79296875,0.79296875,0.79296875,0.79296875
530,0.79296875,0.79296875,0.79296875,0.76171875,0.79296875,0.79296875,0.79296875,0.79296875,0.79296875,0.79296875,0.79296875
531,0.79296875,0.79296875,0.76171875,0.79296875,0.79296875,0.79296875,0.79296875,0.79296875,0.79296875,0.79296875,0.79296875
532,0.79296875,0.76171875,0.79296875,0.79296875,0.79296875,0.79296875,0.79296875,0.79296875,0.79296875,0.79296875,0.76171875
533,0.76171875,0.79296875,0.79296875,0.79296875,0.79296875,0.79296875,0.79296875,0.79296875,0.79296875,0.76171875,1.0
534,0.79296875,0.79296875,0.79296875,0.79296875,0.79296875,0.79296875,0.79296875,0.79296875,0.76171875,1.0,0.79296875
535,0.79296875,0.79296875,0.79296875,0.79296875,0.79296875,0.79296875,0.79296875,0.76171875,1.0,0.79296875,0.79296875
536,0.79296875,0.79296875,0.79296875,0.79296875,0.79296875,0.79296875,0.76171875,1.0,0.79296875,0.79296875,1.0
537,0.79296875,0.79296875,0.79296875,0.79296875,0.79296875,0.76171875,1.0,0.79296875,0.79296875,1.0,1.0
538,0.79296875,0.79296875,0.79296875,0.79296875,0.76171875,1.0,0.79296875,0.79296875,1.0,1.0,0.78125
539,0.79296875,0.79296875,0.79296875,0.76171875,1.0,0.79296875,0.79296875,1.0,1.0,0.78125,0.79296875
540,0.79296875,0.79296875,0.76171875,1.0,0.79296875,0.79296875,1.0,1.0,0.78125,0.79296875,0.79296875
