0.0,2019-05-03 21
,2019-04-27 06
,2019-05-06 09
,2019-04-27 11
,2019-04-21 23
,2019-04-19 02
,2019-04-19 05
,2019-05-09 22
,2019-04-29 13
,2019-05-06 17
0.0,2019-05-10 15
,2019-04-30 06
0.0,2019-05-11 18
,2019-04-20 09
,2019-04-21 21
,2019-05-02 02
,2019-04-24 20
,2019-04-23 06
,2019-04-30 03
,2019-05-06 03
,2019-05-07 15
,2019-04-30 16
,2019-04-30 15
,2019-04-21 17
,2019-04-19 09
,2019-05-08 05
,2019-05-05 06
,2019-04-29 17
,2019-04-23 11
,2019-04-27 21
,2019-04-19 11
,2019-05-07 02
,2019-05-04 13
0.0,2019-05-12 03
,2019-04-21 06
,2019-04-21 04
,2019-04-21 20
,2019-04-25 12
,2019-05-09 17
,2019-05-05 13
,2019-05-04 09
,2019-04-20 15
,2019-04-21 10
,2019-05-02 15
,2019-05-10 23
,2019-05-01 12
,2019-05-05 10
,2019-05-01 03
,2019-05-04 01
0.0,2019-05-11 11
,2019-05-05 02
,2019-05-04 11
,2019-05-02 01
,2019-05-11 12
,2019-05-11 04
,2019-04-19 19
,2019-04-27 09
,2019-04-28 08
,2019-05-09 16
,2019-04-23 21
,2019-04-21 13
,2019-04-27 04
,2019-04-30 22
,2019-04-28 09
,2019-04-27 03
,2019-05-05 05
,2019-05-08 07
,2019-05-05 18
,2019-04-23 23
,2019-04-27 14
,2019-04-28 21
,2019-04-21 18
,2019-05-05 11
,2019-04-29 01
,2019-05-08 19
,2019-05-02 20
,2019-05-02 08
,2019-05-07 05
,2019-04-19 14
,2019-05-11 16
,2019-04-24 03
,2019-05-10 09
,2019-04-28 07
,2019-05-07 04
,2019-04-26 05
,2019-04-23 14
,2019-04-19 07
,2019-05-03 02
,2019-05-02 04
,2019-04-30 00
,2019-05-02 10
,2019-05-05 01
,2019-05-08 13
,2019-04-22 06
,2019-05-01 00
,2019-05-06 02
,2019-05-10 06
0.0,2019-05-09 14
,2019-05-06 00
,2019-04-19 15
,2019-04-28 06
,2019-05-07 13
0.0,2019-05-11 02
,2019-04-18 17
,2019-04-24 10
,2019-05-02 19
,2019-04-25 22
,2019-04-30 09
,2019-05-06 15
,2019-05-09 21
,2019-04-30 13
,2019-05-02 13
,2019-05-09 06
,2019-04-22 16
,2019-05-07 07
,2019-04-29 22
,2019-04-29 09
,2019-04-20 08
,2019-05-08 09
,2019-05-04 10
,2019-04-21 09
,2019-05-04 16
,2019-05-06 18
,2019-04-20 16
,2019-04-25 10
,2019-05-07 01
,2019-05-02 14
,2019-05-12 06
,2019-05-01 16
,2019-05-12 05
,2019-05-12 04
,2019-04-24 17
,2019-04-24 05
,2019-04-20 23
,2019-05-03 23
,2019-04-24 15
,2019-04-24 12
,2019-04-30 05
,2019-05-02 05
,2019-04-28 10
,2019-04-19 10
,2019-04-25 19
,2019-05-06 04
,2019-05-06 06
,2019-05-10 08
,2019-05-08 01
,2019-04-28 15
,2019-04-21 01
,2019-05-05 19
,2019-04-27 18
,2019-05-07 21
,2019-05-06 16
,2019-05-11 03
,2019-04-25 23
0.0,2019-05-11 17
0.0,2019-05-12 00
,2019-04-25 05
,2019-04-26 01
,2019-05-06 10
,2019-04-23 15
,2019-04-19 04
,2019-05-10 07
,2019-05-05 08
,2019-04-23 02
,2019-04-29 04
,2019-04-30 07
0.0,2019-05-07 18
,2019-05-09 20
,2019-05-10 04
,2019-04-26 23
,2019-05-11 19
,2019-04-30 08
,2019-04-30 02
,2019-04-23 04
,2019-05-03 10
,2019-04-26 00
,2019-04-25 03
,2019-05-03 12
,2019-05-12 08
,2019-05-04 03
,2019-05-08 14
,2019-05-07 20
,2019-05-01 07
,2019-04-29 10
,2019-05-05 20
,2019-04-26 14
,2019-05-08 22
,2019-05-07 19
,2019-04-30 01
,2019-04-28 18
,2019-05-07 12
,2019-04-23 18
,2019-04-29 06
,2019-05-04 14
,2019-04-22 08
,2019-04-27 05
,2019-04-24 00
,2019-05-02 17
,2019-04-26 02
,2019-04-24 21
,2019-04-26 22
,2019-05-09 07
,2019-05-04 23
,2019-05-01 10
,2019-05-10 14
,2019-04-23 09
,2019-05-08 02
,2019-05-03 07
,2019-04-24 16
,2019-04-25 02
,2019-05-05 16
,2019-04-22 04
0.0,2019-05-10 20
,2019-05-03 17
,2019-04-26 06
,2019-04-23 03
,2019-05-05 07
,2019-04-25 16
,2019-05-09 12
,2019-04-22 19
,2019-05-11 13
,2019-04-20 19
,2019-05-02 21
,2019-04-22 05
0.0,2019-05-10 05
,2019-04-29 19
,2019-04-24 23
,2019-05-01 09
,2019-04-27 17
,2019-05-02 07
,2019-04-24 08
,2019-05-05 22
,2019-04-19 18
,2019-05-07 16
,2019-05-10 19
,2019-05-09 08
,2019-05-07 06
,2019-04-29 07
,2019-04-25 13
,2019-05-07 11
,2019-04-29 00
,2019-05-09 01
,2019-04-28 02
,2019-05-02 18
,2019-04-29 05
,2019-04-20 18
,2019-04-22 14
,2019-05-11 15
,2019-05-08 06
,2019-04-23 16
,2019-05-12 01
,2019-05-06 14
,2019-04-27 01
,2019-04-23 10
,2019-04-28 19
,2019-04-25 14
,2019-05-02 22
,2019-04-26 17
,2019-04-22 23
,2019-04-29 12
,2019-05-03 13
,2019-05-05 21
,2019-04-26 11
,2019-05-09 19
,2019-04-29 03
,2019-05-01 13
,2019-05-04 07
,2019-04-22 13
,2019-05-11 23
,2019-05-04 21
,2019-05-06 13
,2019-04-22 22
,2019-04-29 14
,2019-04-27 16
,2019-05-02 11
,2019-05-09 00
0.0,2019-05-10 10
,2019-04-18 18
,2019-05-03 16
,2019-05-03 19
,2019-04-24 09
,2019-05-11 00
,2019-05-03 05
0.0,2019-05-10 11
,2019-04-28 13
,2019-05-05 12
,2019-05-03 20
,2019-04-27 12
,2019-04-24 13
,2019-04-20 01
,2019-04-23 01
,2019-05-01 01
,2019-04-28 20
,2019-04-26 07
,2019-05-12 07
,2019-05-01 23
,2019-04-18 22
,2019-05-01 15
,2019-05-06 12
,2019-04-27 02
,2019-04-23 17
,2019-04-23 22
,2019-05-12 02
,2019-04-25 07
,2019-04-21 15
,2019-04-19 06
,2019-05-05 15
,2019-04-21 08
,2019-04-30 11
,2019-04-23 20
,2019-04-19 08
0.0,2019-05-10 18
,2019-04-29 23
,2019-04-23 12
,2019-04-26 20
,2019-04-21 22
,2019-04-22 10
,2019-05-11 01
,2019-05-10 13
,2019-05-07 23
0.0,2019-05-11 21
0.0,2019-05-11 22
,2019-05-06 22
,2019-04-29 02
,2019-04-25 01
,2019-05-03 09
,2019-04-25 21
,2019-05-01 04
,2019-05-05 17
,2019-04-28 12
,2019-05-02 03
,2019-04-28 01
,2019-04-28 05
,2019-05-02 00
,2019-05-07 00
,2019-05-11 08
,2019-04-28 23
,2019-05-02 12
,2019-04-25 08
,2019-05-03 03
,2019-04-28 22
,2019-05-01 17
,2019-04-19 03
,2019-05-08 23
,2019-04-26 15
,2019-05-03 04
,2019-04-25 18
,2019-05-01 05
,2019-05-07 10
,2019-05-08 03
,2019-05-07 17
,2019-05-07 09
0.0,2019-05-09 18
,2019-04-26 10
,2019-05-04 18
,2019-05-01 08
,2019-04-26 09
,2019-04-18 23
,2019-04-27 00
,2019-05-09 04
,2019-05-03 01
,2019-05-10 22
,2019-05-05 14
,2019-05-01 20
0.0,2019-05-11 14
,2019-04-26 19
,2019-04-27 19
,2019-04-23 05
,2019-05-06 23
,2019-04-21 16
,2019-04-26 13
,2019-04-22 18
,2019-05-10 21
,2019-04-18 20
,2019-05-06 01
,2019-05-06 05
,2019-05-01 02
,2019-04-21 11
,2019-05-03 18
,2019-05-08 04
,2019-05-03 11
,2019-04-20 22
,2019-05-06 11
,2019-04-30 19
,2019-05-05 09
,2019-05-08 20
,2019-05-02 09
,2019-04-29 16
,2019-05-06 19
,2019-04-25 11
,2019-04-28 17
,2019-05-01 14
0.0,2019-05-10 00
,2019-05-09 05
0.0,2019-05-10 12
,2019-04-29 15
0.0,2019-05-09 03
,2019-05-03 14
,2019-04-23 13
,2019-05-01 11
,2019-04-18 19
,2019-04-22 00
,2019-04-19 13
,2019-05-04 06
,2019-05-08 17
,2019-05-02 23
,2019-05-06 08
,2019-04-25 06
,2019-04-21 00
,2019-05-01 18
,2019-04-24 07
,2019-04-26 21
,2019-05-11 20
,2019-04-30 10
,2019-04-27 22
,2019-05-05 04
,2019-04-22 07
,2019-05-04 17
,2019-04-28 11
,2019-05-04 15
,2019-04-21 07
,2019-05-04 04
,2019-04-30 18
,2019-04-24 19
,2019-04-18 21
,2019-04-27 23
,2019-04-20 21
,2019-04-22 20
,2019-05-08 21
,2019-04-21 03
,2019-04-26 18
,2019-04-27 20
,2019-05-04 12
0.0,2019-05-10 03
,2019-04-24 14
,2019-05-02 16
,2019-04-24 01
,2019-04-30 21
,2019-05-08 18
,2019-05-08 16
,2019-05-10 01
,2019-04-22 01
,2019-05-07 08
,2019-04-22 17
,2019-04-21 19
,2019-04-27 08
,2019-04-26 04
,2019-05-06 21
,2019-05-04 20
,2019-04-22 12
,2019-04-28 00
,2019-05-03 08
,2019-05-11 05
,2019-04-26 12
,2019-05-08 12
,2019-05-09 13
,2019-04-29 20
,2019-04-28 03
,2019-04-25 09
,2019-04-30 23
,2019-05-09 02
,2019-04-23 00
,2019-05-04 00
,2019-05-07 14
,2019-04-25 00
,2019-04-29 08
,2019-04-27 07
,2019-04-22 09
,2019-04-21 14
,2019-04-25 04
,2019-05-06 07
,2019-05-09 10
,2019-05-11 09
,2019-04-22 02
,2019-04-20 20
,2019-04-26 03
,2019-04-29 11
,2019-04-29 18
,2019-04-18 16
,2019-04-30 20
,2019-05-04 22
,2019-04-24 22
,2019-05-09 23
,2019-04-24 18
,2019-04-19 01
,2019-05-04 05
,2019-05-03 15
0.0,2019-05-09 09
,2019-05-07 03
0.0,2019-05-03 22
,2019-05-03 00
,2019-04-19 00
,2019-04-27 10
,2019-05-01 19
,2019-05-08 00
,2019-04-28 04
,2019-05-10 16
,2019-04-26 16
,2019-04-23 08
,2019-04-21 12
,2019-05-04 02
,2019-04-24 11
,2019-04-19 12
,2019-05-04 19
,2019-04-20 17
,2019-05-09 15
,2019-04-30 12
,2019-05-05 00
,2019-05-10 17
,2019-05-08 10
,2019-04-24 04
,2019-05-10 02
,2019-04-28 14
,2019-04-21 02
,2019-05-11 10
,2019-05-02 06
,2019-04-27 15
,2019-05-08 08
,2019-05-03 06
,2019-05-01 06
,2019-04-30 17
,2019-04-25 15
,2019-04-30 04
,2019-04-27 13
,2019-05-06 20
,2019-04-22 11
,2019-04-25 17
,2019-04-26 08
,2019-04-22 03
,2019-04-29 21
,2019-04-23 07
,2019-04-30 14
,2019-05-11 07
,2019-05-04 08
,2019-05-11 06
,2019-05-01 21
,2019-05-07 22
,2019-04-22 15
,2019-04-25 20
,2019-04-24 06
,2019-05-08 11
,2019-05-08 15
,2019-04-21 05
,2019-05-01 22
0.0,2019-05-09 11
,2019-05-05 23
,2019-04-22 21
,2019-05-05 03
,2019-05-12 09
,2019-04-28 16
,2019-04-24 02
