TweetID,Date,User,Followers,Retweets,Favorites
1121327382760235008,2019-04-25 08:17:35,costagrand,16,0,0
1121327273024598016,2019-04-25 08:17:09,HIQPhilippines,11,0,0
1121327179596476416,2019-04-25 08:16:47,DubaiDesertGate,224,0,0
1121326729895739392,2019-04-25 08:15:00,cycashotels,507,0,0
1121326606960746497,2019-04-25 08:14:30,malongtime2,387,13,0
1121326034035433477,2019-04-25 08:12:14,DivaPut80280778,31,0,0
1121325910857273344,2019-04-25 08:11:45,travel_biz_news,944,1,0
1121325416776654848,2019-04-25 08:09:47,bestforluxury,493,0,0
1121325095220158465,2019-04-25 08:08:30,dreamspaceske,93,0,0
1121325019643154435,2019-04-25 08:08:12,Taps4Less,10489,0,0
1121324717216944128,2019-04-25 08:07:00,AndyPennefather,35852,1,0
1121324224629571584,2019-04-25 08:05:03,Training_Termin,1404,0,0
1121324080106483712,2019-04-25 08:04:28,qubapalacehotel,19,0,0
1121324051706912769,2019-04-25 08:04:21,bestforluxury,493,1,1
1121323260866629632,2019-04-25 08:01:13,holisresort,19,0,0
1121323075868536833,2019-04-25 08:00:29,leolahotelng,217,0,0
1121323073918181377,2019-04-25 08:00:28,joshuaandrew25,1906,43,0
1121322986550767616,2019-04-25 08:00:07,Margate_Sands,510,0,0
1121322957505060865,2019-04-25 08:00:00,Be_theBoss,4257,0,0
1121322897774206976,2019-04-25 07:59:46,DailyFinds4U,56980,2,0
1121322878287470592,2019-04-25 07:59:42,secretsofdudes,1779,0,0
1121322834704371712,2019-04-25 07:59:31,TheApartmentCom,1051,0,0
1121322132758155269,2019-04-25 07:56:44,KartellBahrain,307,0,0
1121321950788366336,2019-04-25 07:56:00,HiLevelSoftware,565,0,0
1121321725952761856,2019-04-25 07:55:07,MiitravelUk,4779,0,0
1121321704402374658,2019-04-25 07:55:02,JuwDeKiwii,10,0,1
1121321178340188161,2019-04-25 07:52:56,SentryMead,423,2,0
1121321144274042881,2019-04-25 07:52:48,BabacekMk,75,1,0
1121320959334604801,2019-04-25 07:52:04,bestforluxury,493,0,1
1121320950178492416,2019-04-25 07:52:02,SentryMead,423,2,2
1121320688973955072,2019-04-25 07:51:00,OnlintravelDeal,531,2,0
1121320623630897153,2019-04-25 07:50:44,MeetingsAnd,208,0,0
1121320510682480642,2019-04-25 07:50:17,SentryMead,423,2,0
1121320472002605056,2019-04-25 07:50:08,KamariHotel,81,0,0
1121320333800243200,2019-04-25 07:49:35,natsjobs,640,0,0
1121320268281073664,2019-04-25 07:49:19,BabacekMk,75,1,1
1121319919424086016,2019-04-25 07:47:56,SentryMead,423,2,2
1121319751140159488,2019-04-25 07:47:16,sunrayvillage,1,0,0
1121319549582938118,2019-04-25 07:46:28,mohan_vilaas,16,0,0
1121319331290333184,2019-04-25 07:45:36,nicetripsonline,280,2,0
1121319029157789696,2019-04-25 07:44:24,natsjobs,640,0,0
1121318930058895360,2019-04-25 07:44:00,grandbalibeach,269,0,0
1121318756813287424,2019-04-25 07:43:19,bed__breakfast,362,0,0
1121318425773707269,2019-04-25 07:42:00,HotelFagus,0,0,0
1121317879490629633,2019-04-25 07:39:50,goeurekatravel,12407,2,0
1121317591283322881,2019-04-25 07:38:41,icchmt2019,3,0,0
1121317360160464896,2019-04-25 07:37:46,Juliewendo,625,2,0
1121317342603030530,2019-04-25 07:37:42,srock99792,625,1,0
1121316865228197888,2019-04-25 07:35:48,AnandMohan1977,2442,1,0
1121316747448127493,2019-04-25 07:35:20,sensitiveresort,24,0,0
1121316571782184961,2019-04-25 07:34:38,OleryHQ,1149,1,0
1121316173705031681,2019-04-25 07:33:03,harshadgandhi,36,1,0
1121316161038295040,2019-04-25 07:33:00,bestforluxury,493,0,1
1121315919383261184,2019-04-25 07:32:02,MarinePlaza,1942,1,1
1121315855327846400,2019-04-25 07:31:47,AndyPennefather,35852,1,0
1121315538620309504,2019-04-25 07:30:32,sensitiveresort,24,0,0
1121315145232396289,2019-04-25 07:28:58,bestforluxury,493,1,1
1121315141709180929,2019-04-25 07:28:57,TAURUSSAROVAR,89,0,1
1121314655656394753,2019-04-25 07:27:01,atavisionhealth,16,0,0
1121314603756077056,2019-04-25 07:26:49,Coral_Muscat,125,0,0
1121314455332294657,2019-04-25 07:26:13,starlingresort,8,0,0
1121313266922401793,2019-04-25 07:21:30,petophotelsply,58,0,0
1121312992342237187,2019-04-25 07:20:25,serraparkotel,2,0,0
1121312857843490816,2019-04-25 07:19:52,fairmas_gmbh,239,0,0
1121312821311094784,2019-04-25 07:19:44,MeetingsAnd,208,0,1
1121312763475787776,2019-04-25 07:19:30,PivertFranck,423,1,0
1121312489839505408,2019-04-25 07:18:25,UBMFoodAndHosp,544,2,0
1121311849020944384,2019-04-25 07:15:52,sfhv_hotel,647,0,0
1121311845653143552,2019-04-25 07:15:51,KWSKAN,1141,0,0
1121311705219457025,2019-04-25 07:15:18,Ollie_Hampton,209,0,0
1121311693223677952,2019-04-25 07:15:15,tripgeekcom,1054,1,1
1121311370383974400,2019-04-25 07:13:58,Dago_Heuvel,348,0,0
1121311008511942656,2019-04-25 07:12:32,petophotelsply,58,0,0
1121310558005989377,2019-04-25 07:10:44,parkcitygrand,69,0,0
1121310472123424770,2019-04-25 07:10:24,bestforluxury,493,0,0
1121310469678161920,2019-04-25 07:10:23,serrapalaceotel,6,0,0
1121310420650876928,2019-04-25 07:10:11,MiitravelUk,4779,1,1
1121310396370046976,2019-04-25 07:10:06,bestforluxury,493,0,0
1121310325700276224,2019-04-25 07:09:49,ThePushpakGroup,152,0,0
1121309407000846336,2019-04-25 07:06:10,DebzLamrhari,407,0,0
1121309233335676928,2019-04-25 07:05:28,AirellJasper,469,0,0
1121309015059914752,2019-04-25 07:04:36,natsjobs,640,0,0
1121308516902424576,2019-04-25 07:02:37,mysocialmembers,1495,0,0
1121307972708249605,2019-04-25 07:00:28,HKonferencyjny,1522,0,0
1121307808161521664,2019-04-25 06:59:49,PhotoandGrime,1616,17,0
1121307705350807553,2019-04-25 06:59:24,natsjobs,640,0,0
1121307547485507586,2019-04-25 06:58:46,KadkaniAtCoorg,33,0,1
1121307357668159489,2019-04-25 06:58:01,emile_rassam,8,0,0
1121306921343045633,2019-04-25 06:56:17,HotelSangeeta,0,0,0
1121306688517214208,2019-04-25 06:55:22,sheraz1959,781,0,0
1121306582325661697,2019-04-25 06:54:56,ashindia,979,0,1
1121306234999721984,2019-04-25 06:53:33,HotelSangeeta,0,0,0
1121306180259852289,2019-04-25 06:53:20,KiltronXEnviro,136589,1,0
1121306111615930368,2019-04-25 06:53:04,immofux,35428,3,0
1121305594600857600,2019-04-25 06:51:01,bestforluxury,493,0,0
1121305463331618817,2019-04-25 06:50:29,DubaiDeals1,86,1,0
1121305193969278977,2019-04-25 06:49:25,bestforluxury,493,1,0
1121304033673797632,2019-04-25 06:44:49,petophotelsply,58,0,0
1121303807210684416,2019-04-25 06:43:55,_Africa24,4207,2,0
1121303273242341376,2019-04-25 06:41:47,hospitaltyguide,81,0,0
1121302856034848768,2019-04-25 06:40:08,Nat_InvestNI,209,2,1
1121302803769634816,2019-04-25 06:39:55,mdesignhotels,28,0,0
1121302760597544960,2019-04-25 06:39:45,MUtensils,6,0,0
1121302489830232064,2019-04-25 06:38:41,ContempraINN,7176,4,0
1121302361765548032,2019-04-25 06:38:10,chef_b4_gaming,4965,1,0
1121301219937538049,2019-04-25 06:33:38,petophotelsply,58,0,0
1121300777342050304,2019-04-25 06:31:52,gidih,38,0,0
1121300627294838784,2019-04-25 06:31:16,jalinPROMO,183,0,0
1121300369722757120,2019-04-25 06:30:15,Bst_hoteldeals,104,1,0
1121300351544700929,2019-04-25 06:30:11,Bst_hoteldeals,104,0,0
1121300290890633217,2019-04-25 06:29:56,greenland_info,139,1,2
1121299989903183872,2019-04-25 06:28:44,equitybulls,7583,1,2
1121299654233268224,2019-04-25 06:27:24,Jimmypa99902447,393,0,0
1121299653910323200,2019-04-25 06:27:24,bogatudan,43,1,0
1121299635136495616,2019-04-25 06:27:20,DikaMutiaratrip,242,0,0
1121299422317432832,2019-04-25 06:26:29,ResortSatpura,3,0,0
1121299235880570880,2019-04-25 06:25:45,funadiq,125,0,0
1121299115575476225,2019-04-25 06:25:16,melaniecute90,4911,0,0
1121298673919512576,2019-04-25 06:23:31,bestforluxury,493,0,0
1121298178492510209,2019-04-25 06:21:33,InvestmentsQ,28,0,0
1121298068991770624,2019-04-25 06:21:07,bestforluxury,493,0,0
1121297957821792256,2019-04-25 06:20:40,CelebreMagazine,22,0,1
1121297837088747520,2019-04-25 06:20:11,Hotel_Suppliers,954,0,0
1121297620159348736,2019-04-25 06:19:20,natsjobs,640,0,0
1121296967483760640,2019-04-25 06:16:44,AbuTimes,208,0,0
1121296568320167936,2019-04-25 06:15:09,BoostlyUK,738,0,0
1121296379635277825,2019-04-25 06:14:24,natsjobs,640,0,0
1121295339128938496,2019-04-25 06:10:16,RoselynSquare,0,0,0
1121295147214544896,2019-04-25 06:09:30,2look4beds,2022,0,0
1121294981581266945,2019-04-25 06:08:50,OrchardResort2,0,0,0
1121294869555818496,2019-04-25 06:08:24,PalmParkHotel,18,0,0
1121294028497195008,2019-04-25 06:05:03,LP_Baraset,1172,0,2
1121293741988438017,2019-04-25 06:03:55,New_Place_SH,67,0,0
1121293677744283648,2019-04-25 06:03:40,LDNParamedic,4805,0,2
1121293023197958144,2019-04-25 06:01:04,Staybridgebrum,2824,0,1
1121293007456628736,2019-04-25 06:01:00,trendingwwwandw,21004,0,0
1121292824714944512,2019-04-25 06:00:16,Naturionhotel,4,0,1
1121291999297011713,2019-04-25 05:56:59,bestforluxury,493,0,0
1121291792094199809,2019-04-25 05:56:10,bestforluxury,493,0,0
1121290271218597889,2019-04-25 05:50:07,iartcafe,40,0,0
1121290256207077376,2019-04-25 05:50:04,Lookwherewelive,4873,0,1
1121289878157664256,2019-04-25 05:48:34,ThePerfectSpot,4125,0,1
1121289653779406848,2019-04-25 05:47:40,americarealtor,577,0,1
1121289600037613568,2019-04-25 05:47:27,BluemoonHotels,0,0,0
1121289484161691648,2019-04-25 05:47:00,Raymonman,75,0,2
1121289414754414592,2019-04-25 05:46:43,AdyahArt,1,0,0
1121289326602739712,2019-04-25 05:46:22,officialooras,0,0,0
1121288065283084288,2019-04-25 05:41:21,matthewhayden,5830,3,0
1121287879311806465,2019-04-25 05:40:37,matthewhayden,5830,8,0
1121287811599093760,2019-04-25 05:40:21,specialworkspot,179,0,1
1121287530001895425,2019-04-25 05:39:14,bestforluxury,493,0,1
1121286987997011969,2019-04-25 05:37:05,Pacific_hotels,155,0,0
1121286692793536512,2019-04-25 05:35:54,elegantgrandkop,8,0,0
1121286359904333825,2019-04-25 05:34:35,natsjobs,640,0,0
1121286348780892160,2019-04-25 05:34:32,bed__breakfast,362,0,0
1121285961541980160,2019-04-25 05:33:00,OnfpM,33,0,1
1121285691508441090,2019-04-25 05:31:55,tapanmukherjee,740,0,0
1121285497681268736,2019-04-25 05:31:09,bestforluxury,493,0,0
1121285329820901376,2019-04-25 05:30:29,dHeritageResort,37,0,0
1121285055127719936,2019-04-25 05:29:24,natsjobs,640,0,0
1121284431203926016,2019-04-25 05:26:55,2look4beds,2022,0,0
1121284345359036417,2019-04-25 05:26:35,paradisecastle7,26,2,0
1121283347488047105,2019-04-25 05:22:37,woodpeckerforme,260,0,1
1121283170291396609,2019-04-25 05:21:54,shaneersiddiqui,392,0,1
1121282773547773952,2019-04-25 05:20:20,paradisecastle7,26,1,0
1121282749979979776,2019-04-25 05:20:14,paradisecastle7,26,1,0
1121282500012101633,2019-04-25 05:19:15,paradisecastle7,26,6,0
1121282201792987136,2019-04-25 05:18:03,Yousif91,246,0,0
1121281941972688901,2019-04-25 05:17:02,bestforluxury,493,0,0
1121281836078886912,2019-04-25 05:16:36,AndyPennefather,35852,1,0
1121281741279453184,2019-04-25 05:16:14,albandarrotana,337,0,0
1121281622266056704,2019-04-25 05:15:45,simeontse,80,0,0
1121280799947599873,2019-04-25 05:12:29,2look4beds,2022,0,0
1121280424456548353,2019-04-25 05:11:00,NirwanaHometel,162,0,1
1121280233225715712,2019-04-25 05:10:14,RHWHotels,39,0,0
1121280139898380288,2019-04-25 05:09:52,EmaarHotels,618,1,0
1121279724595089408,2019-04-25 05:08:13,SantoriniView,675,0,0
1121279598988267520,2019-04-25 05:07:43,bestforluxury,493,1,1
1121279537310916608,2019-04-25 05:07:28,TimeHolidays,88,0,0
1121279388677316608,2019-04-25 05:06:53,product_hotel,2,0,0
1121279371954806786,2019-04-25 05:06:49,CityStayDubai,230,0,0
1121279300999819265,2019-04-25 05:06:32,2look4beds,2022,0,0
1121278516174024705,2019-04-25 05:03:25,w_hotelsreview,464,0,0
1121278509295570945,2019-04-25 05:03:23,laurasabatini3,1222,2,0
1121278491050352640,2019-04-25 05:03:19,9Tonicash,1185,0,0
1121278002589945856,2019-04-25 05:01:22,Yokoso_Shinjuku,1564,0,0
1121277699559972869,2019-04-25 05:00:10,rwsentosa,51548,0,1
1121277657818095616,2019-04-25 05:00:00,trendingwwwandw,21004,0,0
1121277617242505217,2019-04-25 04:59:50,Panoramanvs,70,0,0
1121277376363675648,2019-04-25 04:58:53,bestforluxury,493,0,0
1121276680167985153,2019-04-25 04:56:07,MummyFever,14020,0,0
1121276580393676800,2019-04-25 04:55:43,travelponycom,158,0,0
1121275600445038592,2019-04-25 04:51:50,AuditStock,504,0,0
1121275091315126272,2019-04-25 04:49:48,matthewhayden,5830,12,0
1121274989913755648,2019-04-25 04:49:24,natsjobs,640,0,0
1121274929150713856,2019-04-25 04:49:10,werehungry2,230,0,0
1121273994286706688,2019-04-25 04:45:27,ChandraMEP,161,0,0
1121273881287745536,2019-04-25 04:45:00,codepixelzmedia,346,0,0
1121273580346494976,2019-04-25 04:43:48,matthewhayden,5830,12,0
1121273152674385920,2019-04-25 04:42:06,bestforluxury,493,0,0
1121272920330899456,2019-04-25 04:41:11,bestforluxury,493,0,0
1121272445875425281,2019-04-25 04:39:17,emanuel_russi,2308,4,0
1121272182229704704,2019-04-25 04:38:15,jlh_mattress,39,0,1
1121272170703937536,2019-04-25 04:38:12,2look4beds,2022,0,0
1121271626212024320,2019-04-25 04:36:02,hojokolkata,30,0,0
1121271621346570246,2019-04-25 04:36:01,minettco,15977,0,0
1121271378773184513,2019-04-25 04:35:03,ConnaughtRoyale,32,0,0
1121271185965113344,2019-04-25 04:34:17,PimSonrpong,20,0,1
1121270975683649536,2019-04-25 04:33:27,JinKurniawan,92,0,0
1121269547619815424,2019-04-25 04:27:46,HotelLoyaltyorg,2307,0,0
1121269399833288704,2019-04-25 04:27:11,GroupYotaka,0,0,0
1121268985821970432,2019-04-25 04:25:33,imqkho,1,3,0
1121268831152955397,2019-04-25 04:24:56,radissonlampung,35,0,0
1121268756318019590,2019-04-25 04:24:38,radissonlampung,35,0,1
1121268179035197440,2019-04-25 04:22:20,infobohol,725,0,0
1121267970355998721,2019-04-25 04:21:30,HotelLoyaltyorg,2307,0,0
1121267700213473280,2019-04-25 04:20:26,HotelLoyaltyorg,2307,0,0
1121267678252023808,2019-04-25 04:20:21,llotronitic,8,4,0
1121267416019943425,2019-04-25 04:19:18,HotelLoyaltyorg,2307,0,1
1121267256061759490,2019-04-25 04:18:40,arnaudbourge,963,6,0
1121266587800154113,2019-04-25 04:16:01,bestforluxury,493,0,0
1121266135213547520,2019-04-25 04:14:13,AndyPennefather,35852,1,0
1121266134160855042,2019-04-25 04:14:13,khoiri86965812,2,3,0
1121266122685214720,2019-04-25 04:14:10,memoirepalace,143,0,5
1121266057304473600,2019-04-25 04:13:54,HotelLoyaltyorg,2307,0,0
1121265809349926912,2019-04-25 04:12:55,HotelLoyaltyorg,2307,0,0
1121265587810963456,2019-04-25 04:12:02,bestforluxury,493,1,2
1121265435729649665,2019-04-25 04:11:26,laurence26,662,4,0
1121265027565150208,2019-04-25 04:09:49,HotelLoyaltyorg,2307,0,0
1121264972917542912,2019-04-25 04:09:36,natsjobs,640,0,0
1121264825970110465,2019-04-25 04:09:01,PakCG_jeddah,612,2,0
1121264753014390784,2019-04-25 04:08:43,PakCG_jeddah,612,8,0
1121264481659695104,2019-04-25 04:07:39,Araeliir,34,0,0
1121263815599980548,2019-04-25 04:05:00,jalinde,4498,0,0
1121263664764530689,2019-04-25 04:04:24,natsjobs,640,0,0
1121263328779595777,2019-04-25 04:03:04,arasadonmai,713,8,0
1121262653295382528,2019-04-25 04:00:23,AndyPennefather,35852,1,0
1121262557690339329,2019-04-25 04:00:00,mjcamposv,687,0,0
1121262557526810625,2019-04-25 04:00:00,GTRIIP,200,0,0
1121262557166051329,2019-04-25 04:00:00,trendingwwwandw,21004,0,0
1121260553526079488,2019-04-25 03:52:02,HIGoldenMile,225,0,1
1121260121676402688,2019-04-25 03:50:19,harishk06,377,0,3
1121259988104695809,2019-04-25 03:49:47,HotelLoyaltyorg,2307,0,0
1121259709653237760,2019-04-25 03:48:41,bestforluxury,493,1,2
1121258777800523776,2019-04-25 03:44:59,mOQIl,1411,1,0
1121258383686930434,2019-04-25 03:43:25,bestforluxury,493,1,1
1121257889459580928,2019-04-25 03:41:27,bed__breakfast,362,0,0
1121257572311404544,2019-04-25 03:40:11,shelja_arts,630,0,0
1121257221386592262,2019-04-25 03:38:48,MissyRoseStudio,3122,0,0
1121256700328202241,2019-04-25 03:36:43,lcrodvik,9,1,0
1121256525757124608,2019-04-25 03:36:02,shelja_arts,630,0,0
1121256360652361729,2019-04-25 03:35:22,AndyPennefather,35852,1,0
1121255322704859139,2019-04-25 03:31:15,blogosum,3816,0,0
1121255274914906112,2019-04-25 03:31:04,TravelEservicis,4920,0,0
1121254542593671170,2019-04-25 03:28:09,bestforluxury,493,1,2
1121253711118868482,2019-04-25 03:24:51,DashResort,24,0,0
1121253647713820674,2019-04-25 03:24:36,natsjobs,640,0,0
1121253620001886208,2019-04-25 03:24:29,TimeHolidays,88,0,0
1121252932048039936,2019-04-25 03:21:45,crystalip,1003,0,0
1121252340131147776,2019-04-25 03:19:24,natsjobs,640,0,0
1121252154843521024,2019-04-25 03:18:40,LydiaLilly14,13,0,0
1121251739083137024,2019-04-25 03:17:01,nosugarblues,1325,0,1
1121251425768464385,2019-04-25 03:15:46,das_varun99,1544,0,0
1121251191101456385,2019-04-25 03:14:50,bestforluxury,493,0,0
1121250393676185600,2019-04-25 03:11:40,vbieliau,12189,4,0
1121249463023165441,2019-04-25 03:07:58,bestforluxury,493,0,0
1121249287076110336,2019-04-25 03:07:16,_jmay,136,0,0
1121249188417875968,2019-04-25 03:06:52,wissamyounane,2909,2,0
1121249027415248897,2019-04-25 03:06:14,znakbar,124,8,0
1121248349015937024,2019-04-25 03:03:32,TheKinkyCrew,1403,0,0
1121247589511286785,2019-04-25 03:00:31,robertswisher,855,1,0
1121247476617318400,2019-04-25 03:00:04,macarthurgigs,106,0,0
1121247469046837249,2019-04-25 03:00:03,hotelsdibali,35,0,0
1121247464802017285,2019-04-25 03:00:02,trendingwwwandw,21004,0,0
1121245654771294214,2019-04-25 02:52:50,zfinelife,405,5,0
1121245653156261888,2019-04-25 02:52:50,PeruBBM,774,0,0
1121243766399078400,2019-04-25 02:45:20,bestforluxury,493,0,0
1121243002553470982,2019-04-25 02:42:18,bestforluxury,493,0,0
1121242255975747585,2019-04-25 02:39:20,natsjobs,640,0,0
1121241192686063648,2019-04-25 02:35:06,HotelsTravelUsa,8712,0,0
1121241015824859136,2019-04-25 02:34:24,natsjobs,640,0,0
1121240448419364867,2019-04-25 02:32:09,heathrowshuttle,5229,0,0
1121239907660435456,2019-04-25 02:30:00,LordsgrandJammu,87,0,1
1121239697634684929,2019-04-25 02:29:10,GuestRanches,1709,1,0
1121239665972076544,2019-04-25 02:29:02,HospitalityMatt,1898,1,0
1121238920476360709,2019-04-25 02:26:04,otg_tweets,5655,1,0
1121238692373389317,2019-04-25 02:25:10,bestforluxury,493,0,0
1121238465822232576,2019-04-25 02:24:16,hianchuankai,167,0,0
1121238423602442240,2019-04-25 02:24:06,bestforluxury,493,1,1
1121236195877576704,2019-04-25 02:15:15,PettyConnal,45,3,0
1121235591855857664,2019-04-25 02:12:51,QuotesandPlays,109,1,0
1121235450927173637,2019-04-25 02:12:17,bestforluxury,493,1,0
1121234720350593025,2019-04-25 02:09:23,TaunTaunLover,750,1,0
1121234625811111937,2019-04-25 02:09:00,OceanPointeFL,342,0,0
1121233676849876992,2019-04-25 02:05:14,trnsfr_design,301,0,0
1121232938098724867,2019-04-25 02:02:18,bestforluxury,493,0,0
1121232391043977217,2019-04-25 02:00:08,wcr_poipu,9,0,0
1121232359213240320,2019-04-25 02:00:00,trendingwwwandw,21004,0,0
1121231381869268992,2019-04-25 01:56:07,bestforluxury,493,0,0
1121230997650071552,2019-04-25 01:54:35,natsjobs,640,0,0
1121230224320942083,2019-04-25 01:51:31,WarezBugs,35,1,0
1121229691128623105,2019-04-25 01:49:24,natsjobs,640,0,0
1121229604386168833,2019-04-25 01:49:03,LetsTalkHCMcity,11,0,0
1121228853970472960,2019-04-25 01:46:04,ensoango,48,0,0
1121228535044169728,2019-04-25 01:44:48,mOQIl,1411,1,0
1121228351119736834,2019-04-25 01:44:04,bestforluxury,493,1,1
1121228276524093441,2019-04-25 01:43:47,hanmhoang,178,0,0
1121228090045112320,2019-04-25 01:43:02,RanchodelosCab,684,1,2
1121227868539957253,2019-04-25 01:42:09,HPRPebbleBeach,711,0,0
1121227516902039552,2019-04-25 01:40:46,SouperSized,23,0,0
1121227337536819200,2019-04-25 01:40:03,AxelKoster,683061,3,2
1121226919696109568,2019-04-25 01:38:23,thismoment81,67,0,0
1121226675507945473,2019-04-25 01:37:25,iampecu,61,0,0
1121226050619551746,2019-04-25 01:34:56,247hotelmassage,99,0,0
1121225986517942272,2019-04-25 01:34:41,TravelNow24,1194,1,0
1121225580836421632,2019-04-25 01:33:04,bestforluxury,493,1,0
1121225364058050560,2019-04-25 01:32:12,bestforluxury,493,0,0
1121224865850306560,2019-04-25 01:30:14,ICE_Drive,22,0,0
1121224613298462720,2019-04-25 01:29:13,aq4h,223,2,0
1121224567010332672,2019-04-25 01:29:02,HospitalityMatt,1898,1,0
1121224512140242944,2019-04-25 01:28:49,garudajayasby,8,3,0
1121223761003515904,2019-04-25 01:25:50,NicolettePace,114,0,0
1121223330332401664,2019-04-25 01:24:07,RM_Salt,2944,1,0
1121222812688179201,2019-04-25 01:22:04,avdoogg,53,5,0
1121222483653226496,2019-04-25 01:20:46,jess_alicia2,908,2,0
1121221778452307968,2019-04-25 01:17:57,ExploreThePrime,3536,0,0
1121219796899524610,2019-04-25 01:10:05,sarahesmallwood,174,0,0
1121219675692699650,2019-04-25 01:09:36,natsjobs,640,0,0
1121219526752911360,2019-04-25 01:09:01,nosugarblues,1325,0,1
1121219299274895360,2019-04-25 01:08:06,AFRealty,331,0,0
1121218866376523777,2019-04-25 01:06:23,bestforluxury,493,0,0
1121218785548165121,2019-04-25 01:06:04,bestforluxury,493,1,1
1121218405099433984,2019-04-25 01:04:33,tacticalproshop,637,0,0
1121218366205825024,2019-04-25 01:04:24,natsjobs,640,0,0
1121217259190382592,2019-04-25 01:00:00,trendingwwwandw,21004,0,0
1121216466349711360,2019-04-25 00:56:51,HighSocietyMaga,185,0,0
1121215975351902211,2019-04-25 00:54:54,LGBTCenterOC,1057,1,1
1121215516419461122,2019-04-25 00:53:04,2look4beds,2022,0,0
1121214600295473152,2019-04-25 00:49:26,HighSocietyMaga,185,0,0
1121213056032346112,2019-04-25 00:43:18,Patty_Godless,74,5,0
1121212488899420160,2019-04-25 00:41:03,bayviewwildwood,517,0,1
1121212237144907776,2019-04-25 00:40:03,bestforluxury,493,0,0
1121212001148076032,2019-04-25 00:39:06,bestforluxury,493,0,0
1121211733278953472,2019-04-25 00:38:02,anat88,67,0,0
1121209606204686336,2019-04-25 00:29:35,natsjobs,640,0,0
1121209569433260032,2019-04-25 00:29:27,alifesjourneys,5815,0,2
1121209453934600193,2019-04-25 00:28:59,amandaadam79,84,1,0
1121209406249754624,2019-04-25 00:28:48,2look4beds,2022,0,0
1121208473302253568,2019-04-25 00:25:05,TravelaraTweets,32,0,0
1121208299175796736,2019-04-25 00:24:24,natsjobs,640,0,0
1121208286588690432,2019-04-25 00:24:21,speake53,225,0,0
1121207753790427139,2019-04-25 00:22:14,RHWHotels,39,0,0
1121207734433660928,2019-04-25 00:22:09,RM_Salt,2944,1,0
1121207444712185857,2019-04-25 00:21:00,dissentisgood,223,0,0
1121207269276962816,2019-04-25 00:20:18,bestforluxury,493,0,0
1121206514499424256,2019-04-25 00:17:18,DOTraveler,4015,0,0
1121206051305553920,2019-04-25 00:15:28,AhmedMedien,2068,3,0
1121205516800274432,2019-04-25 00:13:20,Beatriz0613,81,2,0
1121205476287483904,2019-04-25 00:13:11,bestforluxury,493,0,0
1121204953194778624,2019-04-25 00:11:06,bantenexpo,250,0,0
1121202441872117760,2019-04-25 00:01:07,bestforluxury,493,0,0
1121202433286238208,2019-04-25 00:01:05,Nagit45,611,0,1
1121202293980966912,2019-04-25 00:00:32,Staypineapple,2145,0,1
1121202204604452866,2019-04-25 00:00:11,o2real365,1276,0,0
1121202160602091520,2019-04-25 00:00:00,trendingwwwandw,21004,0,0
1121202160539058176,2019-04-25 00:00:00,mjcamposv,687,0,0
1121200725785071616,2019-04-24 23:54:18,traveladept,1806,0,0
1121199984232345600,2019-04-24 23:51:21,TravelNow24,1194,1,0
1121199672033517574,2019-04-24 23:50:07,bestforluxury,493,1,0
1121199374359515136,2019-04-24 23:48:56,lalinde_dp,792,0,1
1121199214011146241,2019-04-24 23:48:18,tmj_CAA_HRTA,297,0,0
1121198280686362625,2019-04-24 23:44:35,natsjobs,640,0,0
1121198120996491264,2019-04-24 23:43:57,beauteymafia,2224,0,0
1121197927051988992,2019-04-24 23:43:11,bestforluxury,493,0,0
1121197752837451777,2019-04-24 23:42:29,bed__breakfast,362,0,0
1121196975448367104,2019-04-24 23:39:24,natsjobs,640,0,0
1121196327113719808,2019-04-24 23:36:49,quaverlove,160,0,0
1121195893837922304,2019-04-24 23:35:06,Frommers,150083,0,0
1121195501381128192,2019-04-24 23:33:32,CarloToffolo,101,0,0
1121194693575020545,2019-04-24 23:30:20,NewYorkHabitat,23845,0,0
1121194216678395906,2019-04-24 23:28:26,BougainHouse,2222,0,0
1121193913958772743,2019-04-24 23:27:14,bestforluxury,493,0,0
1121193761726504960,2019-04-24 23:26:38,darren11107,80,0,0
1121193199190429696,2019-04-24 23:24:24,fioren43702348,3250,0,4
1121192240594817024,2019-04-24 23:20:35,goeurekatravel,12407,3,5
1121192126845374464,2019-04-24 23:20:08,dananwahyu,7534,0,0
1121191299871207424,2019-04-24 23:16:51,TravelNow24,1194,1,0
1121191129611952136,2019-04-24 23:16:10,bestforluxury,493,1,0
1121190856097173505,2019-04-24 23:15:05,digimevideo,1637,0,0
1121190847784148993,2019-04-24 23:15:03,AllisonASima,2252,0,0
1121190840645320705,2019-04-24 23:15:01,minettco,15977,0,0
1121190487736504321,2019-04-24 23:13:37,tommysubmanager,232,8,0
1121190146425131008,2019-04-24 23:12:16,EdelweisS0920,18977,3,0
1121189895668752391,2019-04-24 23:11:16,MariosG2,51,3,0
1121189837262995457,2019-04-24 23:11:02,alittletravel_,92,0,0
1121189540075581440,2019-04-24 23:09:51,WendyReedVocal,118,3,0
1121189201632874496,2019-04-24 23:08:31,stampede_steve,689,1,0
1121189072507109380,2019-04-24 23:08:00,Tripleseat,1789,0,0
1121188642939113473,2019-04-24 23:06:17,MesakeTrak,8,0,0
1121188441834885121,2019-04-24 23:05:29,blogosum,3816,0,1
1121188323974840320,2019-04-24 23:05:01,CiaoBambino,14430,0,1
1121188321441525761,2019-04-24 23:05:01,bestforluxury,493,0,0
1121187433096237056,2019-04-24 23:01:29,RIYAKU_SASAGURI,244,0,3
1121187061090979840,2019-04-24 23:00:00,trendingwwwandw,21004,0,0
1121186957978214400,2019-04-24 22:59:36,natsjobs,640,0,0
1121186641673166848,2019-04-24 22:58:20,RM_Salt,2944,2,0
1121185829660049410,2019-04-24 22:55:07,bestforluxury,493,0,0
1121185650437443584,2019-04-24 22:54:24,natsjobs,640,0,0
1121183875621736448,2019-04-24 22:47:21,jess_alicia2,908,2,3
1121183340105650176,2019-04-24 22:45:13,hotelemiliano,1834,0,0
1121182645143076864,2019-04-24 22:42:27,JoelTabora,638,0,0
1121181092567027713,2019-04-24 22:36:17,bestforluxury,493,0,0
1121180922693525504,2019-04-24 22:35:37,hatagaya_hotel,2397,0,21
1121179564879896582,2019-04-24 22:30:13,GwedhekKernow,2734,2,0
1121179535901429767,2019-04-24 22:30:06,wildlife__pics,3901,1,0
1121179318464344064,2019-04-24 22:29:14,AutoPsychotic,188,1,0
1121178497874112513,2019-04-24 22:25:59,KoganeMcClain24,3,1,0
1121177295530496000,2019-04-24 22:21:12,JamesHMfit,188,0,0
1121177048578498560,2019-04-24 22:20:13,bestforluxury,493,0,0
1121176256223952896,2019-04-24 22:17:04,PullmanSanyabay,357,6,0
1121175635299377152,2019-04-24 22:14:36,natsjobs,640,0,0
1121175509180854273,2019-04-24 22:14:06,bestforluxury,493,0,0
1121175504395079681,2019-04-24 22:14:05,LimitedPi,19,3,0
1121175469561405440,2019-04-24 22:13:57,LimitedPi,19,1,0
1121175440134234113,2019-04-24 22:13:50,LimitedPi,19,3,0
1121175411877191690,2019-04-24 22:13:43,LimitedPi,19,1,0
1121175380025589765,2019-04-24 22:13:35,LimitedPi,19,1,0
1121175321204723713,2019-04-24 22:13:21,LimitedPi,19,2,0
1121175281526554624,2019-04-24 22:13:12,LimitedPi,19,2,0
1121174958791639040,2019-04-24 22:11:55,PaulSoares82,110,3,0
1121174927820902400,2019-04-24 22:11:47,PaulSoares82,110,2,0
1121174896581672960,2019-04-24 22:11:40,PaulSoares82,110,2,0
1121174839434391552,2019-04-24 22:11:26,PaulSoares82,110,2,0
1121174832434089985,2019-04-24 22:11:25,capewinereview,9761,0,0
1121174510332329984,2019-04-24 22:10:08,Flanders1234,989,1,0
1121174326248656903,2019-04-24 22:09:24,natsjobs,640,0,0
1121174106160812032,2019-04-24 22:08:31,coldcreekinn,5,0,0
1121174074108063749,2019-04-24 22:08:24,2look4beds,2022,0,0
1121173933267591168,2019-04-24 22:07:50,ENewsPaper3,18,0,0
1121173252469141505,2019-04-24 22:05:08,udibc,6191,1,2
1121172795289767936,2019-04-24 22:03:19,bestforluxury,493,0,0
1121172293957246978,2019-04-24 22:01:19,putri_avik4,1283,0,0
1121172193528823808,2019-04-24 22:00:55,healthytravel,1522,0,0
1121172178756489216,2019-04-24 22:00:52,arianatravl,5,0,1
1121172096980119552,2019-04-24 22:00:32,flygatwiga,5865,0,1
1121171964347838464,2019-04-24 22:00:01,CasaGrandeRD,40,0,2
1121171962712088576,2019-04-24 22:00:00,trendingwwwandw,21004,0,1
1121171851307360257,2019-04-24 21:59:34,amberhc,85,0,0
1121170244133883909,2019-04-24 21:53:11,bestforluxury,493,0,0
1121169834140667906,2019-04-24 21:51:33,naciye_akkaya,24,1,0
1121169810337873920,2019-04-24 21:51:27,LaurenH14394197,2356,5,0
1121169767375802368,2019-04-24 21:51:17,ImTheFrancescaC,138438,5,37
1121169688908718080,2019-04-24 21:50:58,bestforluxury,493,0,0
1121169330702516225,2019-04-24 21:49:33,CWMiddleEast,24759,0,0
1121168681327837189,2019-04-24 21:46:58,KMedinatravels,1486,0,0
1121168156553166850,2019-04-24 21:44:53,AceSuckas,214,1,0
1121167956589760512,2019-04-24 21:44:05,the_cool_japan,94,0,0
1121167330669674498,2019-04-24 21:41:36,WDetergents,20,4,0
1121167203028611073,2019-04-24 21:41:06,WDetergents,20,5,0
1121167090919063553,2019-04-24 21:40:39,bed__breakfast,362,0,0
1121166070117806081,2019-04-24 21:36:36,MallorcaMoments,82,0,2
1121165688419377152,2019-04-24 21:35:05,bestforluxury,493,0,0
1121165357509685249,2019-04-24 21:33:46,2look4beds,2022,0,0
1121165282376994816,2019-04-24 21:33:28,iangalvez,86,0,0
1121165011395600384,2019-04-24 21:32:23,mdukhestomakoya,1072,0,0
1121164306966548481,2019-04-24 21:29:35,natsjobs,640,0,0
1121164121091858434,2019-04-24 21:28:51,crystalip,1003,0,0
1121164057703342080,2019-04-24 21:28:36,RoyalEliteClub,392,1,0
1121163920033509377,2019-04-24 21:28:03,tmj_aus_hrta,432,0,0
1121163716098187264,2019-04-24 21:27:14,bestforluxury,493,0,0
1121163548590264320,2019-04-24 21:26:34,melaniecute90,4911,0,0
1121163392905961472,2019-04-24 21:25:57,AnyiMalik,33,1,0
1121163001590157313,2019-04-24 21:24:24,natsjobs,640,0,0
1121162776142069768,2019-04-24 21:23:30,AloftCancun,900,0,1
1121162740050079745,2019-04-24 21:23:22,StevenScottLOL,330,0,1
1121162629056290816,2019-04-24 21:22:55,rubenrainbow,733,0,0
1121162558772109313,2019-04-24 21:22:38,caribjournal,21370,0,0
1121160640461250564,2019-04-24 21:15:01,bestforluxury,493,0,0
1121160384382152704,2019-04-24 21:14:00,DanKoosh,15123,0,0
1121160071126364160,2019-04-24 21:12:45,cardiffchamber1,17,1,0
1121159472036978689,2019-04-24 21:10:22,stmarkgolfmaint,965,0,8
1121159413295923201,2019-04-24 21:10:08,ArrowPayments,1577,0,0
1121159373290475520,2019-04-24 21:09:59,momvacations,782,0,0
1121159003319324672,2019-04-24 21:08:31,carringtonltg,498,3,0
1121158931437555715,2019-04-24 21:08:14,recruitingchefs,6113,0,0
1121158633566371844,2019-04-24 21:07:03,modistroulaGr,264,0,0
1121158605137432582,2019-04-24 21:06:56,bestforluxury,493,0,0
1121158230808367104,2019-04-24 21:05:26,PrimeSiteUK,11037,0,0
1121158135782223872,2019-04-24 21:05:04,BCVacation,10750,0,1
1121157759846813698,2019-04-24 21:03:34,VerveConnect,47,1,0
1121157414802415617,2019-04-24 21:02:12,bestforluxury,493,0,0
1121157006449160192,2019-04-24 21:00:35,BDL4LIFEAGENCY,185,0,0
1121156994981928962,2019-04-24 21:00:32,capewinereview,9761,0,2
1121156982721974273,2019-04-24 21:00:29,HelpID_Book,37,0,0
1121156908654657536,2019-04-24 21:00:11,PolytronixGlass,194,0,0
1121156876572426241,2019-04-24 21:00:04,PolytronixGlass,194,0,0
1121156862450253831,2019-04-24 21:00:00,trendingwwwandw,21004,0,0
1121156222407925761,2019-04-24 20:57:28,TANLGN,507,1,0
1121155836477411330,2019-04-24 20:55:56,PatThom94905390,62,0,0
1121155140281688070,2019-04-24 20:53:10,CompassFurnApts,607,0,0
1121154568568619008,2019-04-24 20:50:53,DTyson15,818,4,0
1121153393777627136,2019-04-24 20:46:13,LotsOfSassBlog,2414,1,0
1121153048410304512,2019-04-24 20:44:51,natsjobs,640,0,0
1121152822807072769,2019-04-24 20:43:57,bestforluxury,493,0,0
1121152600550903808,2019-04-24 20:43:04,TravelEservicis,4920,0,0
1121152557089546247,2019-04-24 20:42:54,ICFr_Polynesia,2209,0,9
1121152216872706048,2019-04-24 20:41:33,soulsinporto,5,1,1
1121151741951655937,2019-04-24 20:39:39,natsjobs,640,0,0
1121151691422932993,2019-04-24 20:39:27,MahLucas1,12,4,0
1121151578252222471,2019-04-24 20:39:00,bestforluxury,493,0,0
1121151207555436545,2019-04-24 20:37:32,bbddpp,1345,5,0
1121151018278977538,2019-04-24 20:36:47,HappyTrvl,261,1,0
1121150927807893504,2019-04-24 20:36:25,bed__breakfast,362,0,0
1121150789286866944,2019-04-24 20:35:52,Dermot_Golf,463,1,0
1121150646785314818,2019-04-24 20:35:18,promovisionpv,4625,1,0
1121149982390870016,2019-04-24 20:32:40,radissonlansing,314,0,1
1121149529456353283,2019-04-24 20:30:52,PahlsShowrooms,274,3,0
1121149365282836483,2019-04-24 20:30:13,RateGain,2108,0,0
1121149364666273792,2019-04-24 20:30:13,Level7RoofBar,834,1,0
1121149359851278337,2019-04-24 20:30:11,SobobaCasino1,3127,1,2
1121149332307283968,2019-04-24 20:30:05,BelleMontFarm,820,1,1
1121148780387037184,2019-04-24 20:27:53,CynthiaHilde,43,0,0
1121148744928583680,2019-04-24 20:27:45,FoodmfgUK,2771,1,0
1121148558927978497,2019-04-24 20:27:01,k_weitkamp,267,0,0
1121148333240856584,2019-04-24 20:26:07,bestforluxury,493,0,0
1121148089702678528,2019-04-24 20:25:09,BucketListLives,13043,1,1
1121148067988889601,2019-04-24 20:25:03,mrdaps,4809,0,3
1121148014897156096,2019-04-24 20:24:51,rEFX9ZhGp4iJAS4,141,8,0
1121147890250997760,2019-04-24 20:24:21,TravelNow24,1194,1,0
1121147486855364609,2019-04-24 20:22:45,BredwardineLion,159,1,0
1121147149675376641,2019-04-24 20:21:25,monicabragau,1755,3,0
1121147108135002119,2019-04-24 20:21:15,Tourgo_life,0,0,0
1121146302878900224,2019-04-24 20:18:03,MatthiasSutter,34,2,0
1121145680943288320,2019-04-24 20:15:34,SlowTravelStays,1697,0,0
1121145563305713669,2019-04-24 20:15:06,capmaisonhotel,60319,0,2
1121145060660269057,2019-04-24 20:13:06,VoiceM_Agency,221,13,0
1121145057887825923,2019-04-24 20:13:06,swtourismawards,4601,4,0
1121145037499326464,2019-04-24 20:13:01,bestforluxury,493,0,0
1121144527224487937,2019-04-24 20:10:59,twinappcycling,85,0,0
1121144301382250509,2019-04-24 20:10:05,bestforluxury,493,0,0
1121144281480167424,2019-04-24 20:10:01,carpediemwinnrz,125,1,0
1121143063492136960,2019-04-24 20:05:10,careroadshows,7454,2,0
1121142928573730816,2019-04-24 20:04:38,MWEnterprisellc,53,0,3
1121142700688969728,2019-04-24 20:03:44,SodecoSuites,22,1,0
1121142235515555840,2019-04-24 20:01:53,travlsearchguru,0,1,0
1121142194646208512,2019-04-24 20:01:43,SandosHotels,942,1,0
1121142033412964354,2019-04-24 20:01:05,bestforluxury,493,0,0
1121142033123618816,2019-04-24 20:01:05,htmagazine,12372,0,0
1121141784233553920,2019-04-24 20:00:05,entrepreneur16z,18193,4,0
1121141762658131968,2019-04-24 20:00:00,mjcamposv,687,0,0
1121141760959213568,2019-04-24 20:00:00,trendingwwwandw,21004,2,3
1121141725769105408,2019-04-24 19:59:51,natsjobs,640,0,0
1121141665304018946,2019-04-24 19:59:37,amberhc,85,0,0
1121141608676765696,2019-04-24 19:59:23,FernandaSousa30,109,2,0
1121141304761704448,2019-04-24 19:58:11,mehreenzahra,201541,0,0
1121140416751992832,2019-04-24 19:54:39,natsjobs,640,0,0
1121139977314885632,2019-04-24 19:52:55,WNFL,865,0,0
1121139864802668544,2019-04-24 19:52:28,KoruKayaking,1333,2,0
1121139296419889153,2019-04-24 19:50:12,bestforluxury,493,0,0
1121138972107755520,2019-04-24 19:48:55,HEIHotels,178,0,0
1121138315422568451,2019-04-24 19:46:18,chthouvard,117,6,0
1121137915487297536,2019-04-24 19:44:43,mOQIl,1411,1,0
1121137863184343042,2019-04-24 19:44:30,Eghietsemhe,286,13,0
1121137803432222720,2019-04-24 19:44:16,bestforluxury,493,1,0
1121137406009171973,2019-04-24 19:42:41,EmeraldWorld,2383,0,0
1121136656478642176,2019-04-24 19:39:43,tmj_san_hrta,443,0,0
1121136009599758338,2019-04-24 19:37:09,infinity9191,174,0,0
1121135484200267777,2019-04-24 19:35:03,nosugarblues,1325,0,2
1121135271150522368,2019-04-24 19:34:12,RHWHotels,39,0,0
1121135262619320321,2019-04-24 19:34:10,Dafyobet,31,13,0
1121135127994740737,2019-04-24 19:33:38,vsbrandlab,57,3,0
1121134879591190528,2019-04-24 19:32:39,travelgirlricha,985,0,0
1121134296205594627,2019-04-24 19:30:20,rockmother,1907,0,0
1121133861000425473,2019-04-24 19:28:36,Hetsie67,77,1,0
1121133820718321664,2019-04-24 19:28:27,Foluwaso_,1761,13,0
1121133817429995520,2019-04-24 19:28:26,BlessingEserada,2,13,0
1121133595983323141,2019-04-24 19:27:33,Michael_K_Jones,323,2,0
1121133577914212356,2019-04-24 19:27:29,SimonDouillard2,14,4,0
1121133378508660743,2019-04-24 19:26:41,OurBloggingLife,3858,1,0
1121133128783933442,2019-04-24 19:25:42,AfroBaseNg,2197,13,0
1121132660154404866,2019-04-24 19:23:50,snapshotsmade,124,1,1
1121132606580494336,2019-04-24 19:23:37,iowtomatoes,4544,4,0
1121132425688616967,2019-04-24 19:22:54,richard00406924,40,1,0
1121132353617833985,2019-04-24 19:22:37,AlaskaMomBlogs,1124,0,0
1121132268918071297,2019-04-24 19:22:17,BreadZe,595,2,0
1121132008288202752,2019-04-24 19:21:15,bestforluxury,493,0,0
1121131716255596545,2019-04-24 19:20:05,MiaDesignAwards,186,1,0
1121131590162223105,2019-04-24 19:19:35,natsjobs,640,0,0
1121131561720721409,2019-04-24 19:19:28,NI_HotelAwards,22,0,0
1121131229779197953,2019-04-24 19:18:09,bestforluxury,493,0,0
1121131043308883969,2019-04-24 19:17:24,MartynWDigital,2143,4,0
1121130775011741697,2019-04-24 19:16:21,aceparkingjobs,125,0,0
1121130551954612224,2019-04-24 19:15:27,LuxurySpainTrav,1658,0,0
1121130485369987072,2019-04-24 19:15:11,RenshawTravel,1906,1,1
1121130442021842945,2019-04-24 19:15:01,LexHotelNYC,150,0,0
1121130350531481600,2019-04-24 19:14:39,natsjobs,640,0,0
1121130160747634688,2019-04-24 19:13:54,ijoma_lizijoma,76,13,0
1121129955180597249,2019-04-24 19:13:05,NI_HotelAwards,22,0,0
1121129799626498049,2019-04-24 19:12:28,teiteimin,130,13,0
1121129687277867008,2019-04-24 19:12:01,OceanPointeFL,342,0,1
1121129570730639360,2019-04-24 19:11:33,AIC_Systems,95,1,0
1121129112725225472,2019-04-24 19:09:44,Sandra281175,222,0,0
1121128842221932545,2019-04-24 19:08:40,AlysRestaurant,255,0,1
1121128757006360577,2019-04-24 19:08:19,WeAreAchiga,2246,0,0
1121128625837731840,2019-04-24 19:07:48,HotelsCannabis,432,2,0
1121128611350745088,2019-04-24 19:07:45,nenye_nsofor,32,13,0
1121128146311446528,2019-04-24 19:05:54,travelbrain,1022,7,0
1121128043043598336,2019-04-24 19:05:29,vmcconville,2617,4,0
1121127998806118400,2019-04-24 19:05:19,apolivy,43,0,0
1121127919814762498,2019-04-24 19:05:00,BuildCentral,567,0,1
1121127689266573312,2019-04-24 19:04:05,apolivy,43,0,0
1121127561034072070,2019-04-24 19:03:34,PieStreet,520,4,0
1121127419140665344,2019-04-24 19:03:00,devontouraward,529,4,1
1121127120065798144,2019-04-24 19:01:49,PrismaIntimates,62,0,0
1121127006031294466,2019-04-24 19:01:22,ReporterWorld,137,0,0
1121126951811461121,2019-04-24 19:01:09,Mount_Alverno,72,2,2
1121126666594598919,2019-04-24 19:00:01,LodgingMagazine,13862,0,0
1121126663754883073,2019-04-24 19:00:00,LandFlightBHX,257,0,0
1121126661141884929,2019-04-24 19:00:00,trendingwwwandw,21004,1,1
1121126506951057414,2019-04-24 18:59:23,Rick5oh,283,0,0
1121126320791072769,2019-04-24 18:58:39,Strictly_Chris,36958,0,0
1121126010219581440,2019-04-24 18:57:25,PMHotelGroup,211,0,2
1121125930108370944,2019-04-24 18:57:05,cppluxury,3418,0,1
1121125478591496195,2019-04-24 18:55:18,bestforluxury,493,0,0
1121125453593546752,2019-04-24 18:55:12,LACrystalHotel,0,0,0
1121125196180729862,2019-04-24 18:54:10,trendmyevent,7818,13,0
1121125092543614977,2019-04-24 18:53:46,UksRestaurants,4431,1,0
1121125036876881925,2019-04-24 18:53:32,saintroyal1,542,13,0
1121124673578778624,2019-04-24 18:52:06,bestforluxury,493,0,1
1121124531203129344,2019-04-24 18:51:32,VIVACITY_PR,9797,13,0
1121124381890007040,2019-04-24 18:50:56,eliocuevafoto,146,0,0
1121124170836971520,2019-04-24 18:50:06,lbe_magazine,3498,0,0
1121124166290296833,2019-04-24 18:50:05,wilko_k,12250,0,0
1121124163035463680,2019-04-24 18:50:04,AdjustingToday,662,1,0
1121123623618658304,2019-04-24 18:47:55,29Janjayne,100,5,0
1121122979155464194,2019-04-24 18:45:22,BelizeDiveHaven,27,0,0
1121122739316822016,2019-04-24 18:44:25,eea38695b7104c1,3589,1,0
1121122634970697728,2019-04-24 18:44:00,SaTalaiaIbiza,1547,0,1
1121122577957699584,2019-04-24 18:43:46,anjalopmi,1355,1,0
1121122338781696000,2019-04-24 18:42:49,hilton_philip,3287,1,2
1121121686152273921,2019-04-24 18:40:14,LordandRebel,1142,0,0
1121121333834915843,2019-04-24 18:38:50,natsjobs,640,0,0
1121121288171343872,2019-04-24 18:38:39,cirqplus,15,1,1
1121121067614056448,2019-04-24 18:37:46,SparkyQuano,3401,0,0
1121121010781163520,2019-04-24 18:37:33,MalleAurelien,16,4,0
1121120481661345792,2019-04-24 18:35:26,amaryllismw,33,0,1
1121120098809331712,2019-04-24 18:33:55,DBTrips,223,0,0
1121119283143032832,2019-04-24 18:30:41,capewinereview,9761,0,2
1121119148845817858,2019-04-24 18:30:09,HiltonHouGArea,171,0,0
1121119126766923776,2019-04-24 18:30:03,bestforluxury,493,0,0
1121118754405064714,2019-04-24 18:28:35,megankat,350,7,0
1121118659638898688,2019-04-24 18:28:12,fundways,24,0,1
1121118123107557376,2019-04-24 18:26:04,capewinereview,9761,0,1
1121117852721872897,2019-04-24 18:25:00,tarzandechacra,17,0,1
1121117404669648897,2019-04-24 18:23:13,AlabamaMomBlogs,1536,0,0
1121117261614415872,2019-04-24 18:22:39,FSATraining,121,0,1
1121117059780358145,2019-04-24 18:21:51,OhioMomBlogs,2180,0,0
1121116485869608961,2019-04-24 18:19:34,_AngelParkPlace,186,13,8
1121116070818013184,2019-04-24 18:17:55,investing_panda,899,0,1
1121116064106942464,2019-04-24 18:17:53,TyGrieve2019,1210,4,0
1121115816139866114,2019-04-24 18:16:54,TexasMomBlogs,1242,0,0
1121115701736091648,2019-04-24 18:16:27,JaveriahMazhar,111,8,0
1121115638758617088,2019-04-24 18:16:12,CLTMotorSpdwy,150536,4,0
1121115626251198466,2019-04-24 18:16:09,BloggyMoms,132613,0,0
1121115442758578176,2019-04-24 18:15:25,jumpseatpro,159,0,0
1121115420940017665,2019-04-24 18:15:20,UnboxingH,161,2,0
1121115394926886913,2019-04-24 18:15:14,Bambrella_UK,216,1,0
1121115364774088704,2019-04-24 18:15:06,HotelBlueMB,751,0,0
1121115364438495234,2019-04-24 18:15:06,_Zoeey6,403,1,0
1121115270792253441,2019-04-24 18:14:44,CQResortMB,905,1,0
1121115164588290050,2019-04-24 18:14:19,VacationMB,6675,4,19
1121115022229245952,2019-04-24 18:13:45,RonitRulez,1508,0,0
1121114842562043904,2019-04-24 18:13:02,tmj_vt_hrta,286,0,0
1121114735427117056,2019-04-24 18:12:36,SSDouroValley,1604,2,9
1121114701524606976,2019-04-24 18:12:28,torontonaiop,2007,0,1
1121114621295976450,2019-04-24 18:12:09,Marymariayo,734,1,0
1121114546498719744,2019-04-24 18:11:51,jumpseatpro,159,0,0
1121114345381826560,2019-04-24 18:11:03,tmj_tuc_hrta,350,0,0
1121113649760866305,2019-04-24 18:08:18,DaventrySaddler,330,1,0
1121113629011664897,2019-04-24 18:08:13,bestforluxury,493,0,0
1121113174600765442,2019-04-24 18:06:24,thetravellocker,4060,1,3
1121112809356443649,2019-04-24 18:04:57,Peachtreespeaks,4171,2,0
1121112784152829952,2019-04-24 18:04:51,Peachtreespeaks,4171,2,0
1121112767715364864,2019-04-24 18:04:47,Peachtreespeaks,4171,2,0
1121112763185557504,2019-04-24 18:04:46,Peachtreespeaks,4171,4,0
1121112710035337216,2019-04-24 18:04:33,RideInnManali,777,2,1
1121112638610481153,2019-04-24 18:04:16,Peachtreespeaks,4171,2,0
1121112069812760576,2019-04-24 18:02:01,bestforluxury,493,0,0
1121112060245499904,2019-04-24 18:01:59,TheHoste,7899,0,0
1121112003538497536,2019-04-24 18:01:45,EDM_XChange,3115,2,0
1121111833446842368,2019-04-24 18:01:05,MegOkura,482,1,0
1121111797103128576,2019-04-24 18:00:56,ilspetty,81,0,0
1121111696888803331,2019-04-24 18:00:32,yorksfoodguide,6461,0,0
1121111678832214016,2019-04-24 18:00:28,amberhc,85,0,0
1121111668933763072,2019-04-24 18:00:25,AventuraCY,641,0,1
1121111590454140928,2019-04-24 18:00:07,Eghietsemhe,286,13,0
1121111579985096704,2019-04-24 18:00:04,LodgingMagazine,13862,0,0
1121111567544868864,2019-04-24 18:00:01,PuyduFouPark,954,4,14
1121111564512194560,2019-04-24 18:00:00,trendingwwwandw,21004,2,2
1121111517020196865,2019-04-24 17:59:49,TimbrellsYard,1225,0,2
1121110936645980162,2019-04-24 17:57:31,vickybiggs13,134,1,0
1121110914848018432,2019-04-24 17:57:25,sportbug,2985,0,0
1121110476879028225,2019-04-24 17:55:41,AvEcuadorRT,5793,0,0
1121110407416991744,2019-04-24 17:55:25,IslandPrintGrp,1725,0,0
1121110052532817920,2019-04-24 17:54:00,claner,5440,0,0
1121110006353596418,2019-04-24 17:53:49,natsjobs,640,0,0
1121109308605960192,2019-04-24 17:51:03,MayaPalmsBeach,10,0,0
1121109053525172224,2019-04-24 17:50:02,MarkStachiew,1760,0,0
1121108476992688128,2019-04-24 17:47:44,kenmanzo,28,7,0
1121108399448444928,2019-04-24 17:47:26,bestforluxury,493,0,0
1121108191176208386,2019-04-24 17:46:36,ianteamspirit,3300,0,5
1121107830495416320,2019-04-24 17:45:10,culinaryspecia1,2,0,0
1121107771494207488,2019-04-24 17:44:56,MarinersTorquay,21000,1,0
1121107162137153537,2019-04-24 17:42:31,edgaba,82,2,1
1121107141983477762,2019-04-24 17:42:26,sundarban_bd,1158,0,0
1121106835694673921,2019-04-24 17:41:13,marthaonfire,1434,320,0
1121106804925063168,2019-04-24 17:41:06,CiergeCondo,9,0,0
1121106590172467201,2019-04-24 17:40:14,GMFincaCortesin,1780,0,0
1121106431099510784,2019-04-24 17:39:36,TahitiRetweet,741,4,0
1121106284848254976,2019-04-24 17:39:02,bestforluxury,493,0,0
1121105342191013888,2019-04-24 17:35:17,crystalip,1003,0,0
1121104570405486596,2019-04-24 17:32:13,2look4beds,2022,0,0
1121104333196513283,2019-04-24 17:31:16,jalinPROMO,183,0,0
1121104152678084609,2019-04-24 17:30:33,north_fam_BP,59,0,0
1121104147368108033,2019-04-24 17:30:32,hayes_jarvisIE,2397,0,0
1121104144293605377,2019-04-24 17:30:31,MarkStachiew,1760,0,0
1121104063742001158,2019-04-24 17:30:12,bestforluxury,493,0,0
1121103947261853696,2019-04-24 17:29:44,helmi_deris,256,8,0
1121102953052606464,2019-04-24 17:25:47,OnlintravelDeal,531,4,0
1121102928318566400,2019-04-24 17:25:41,steveaaronedwds,2,2,0
1121102439090937857,2019-04-24 17:23:45,Mat_Scola,463,4,0
1121102068985532420,2019-04-24 17:22:16,ethereal_ai,1188,0,0
1121102027570835457,2019-04-24 17:22:07,GVMG_TwebsiteWS,117,0,0
1121101952257937408,2019-04-24 17:21:49,JustTravelDeals,8931,4,2
1121101627392290816,2019-04-24 17:20:31,HIvictorville,185,0,1
1121101625861595137,2019-04-24 17:20:31,LuckyHotelsMV,274,0,0
1121101563232247813,2019-04-24 17:20:16,RodewayInnWFarg,2,0,0
1121101185199505408,2019-04-24 17:18:46,PaulaK556,53,1,0
1121100925731520512,2019-04-24 17:17:44,brisa_usa,14,0,0
1121100796656066560,2019-04-24 17:17:13,thisiscozumel,562,1,2
1121100505818771456,2019-04-24 17:16:04,HotelsTravelUsa,8712,0,1
1121100352823099392,2019-04-24 17:15:27,TheIvanhoeHotel,647,1,2
1121100027814993921,2019-04-24 17:14:10,bestforluxury,493,0,2
1121099939680014336,2019-04-24 17:13:49,natsjobs,640,0,0
1121099700856213504,2019-04-24 17:12:52,WhatnotGemsLLC,847,0,0
1121099472535281664,2019-04-24 17:11:57,ExploreAmadeus,466,1,0
1121099452788477952,2019-04-24 17:11:53,DaminPrinting,519,0,0
1121099257635909632,2019-04-24 17:11:06,blogosum,3816,1,1
1121099158843162626,2019-04-24 17:10:43,MonaAnokhi,269,0,2
1121099049116078081,2019-04-24 17:10:16,MiitravelUk,4779,2,3
1121098987602436097,2019-04-24 17:10:02,bestforluxury,493,0,1
1121098985249419264,2019-04-24 17:10:01,yalantis,3306,0,1
1121098549129662464,2019-04-24 17:08:17,Peachtreespeaks,4171,3,6
1121098545371725825,2019-04-24 17:08:16,ColumbiaBResort,2847,0,0
1121098301695242242,2019-04-24 17:07:18,traverizor,159,3,9
1121098095096414209,2019-04-24 17:06:29,travozone,25,0,0
1121097637413806081,2019-04-24 17:04:40,bttpassport,2211,0,0
1121097517238767621,2019-04-24 17:04:11,CharMaslin,5178,4,0
1121097191014244353,2019-04-24 17:02:53,sunkissvillas,3444,0,0
1121097035283881987,2019-04-24 17:02:16,AMRAGENTS_UK,371,0,0
1121096909316395008,2019-04-24 17:01:46,HorwathHTLcorp,8511,0,0
1121096802688802816,2019-04-24 17:01:21,BCVacation,10750,0,0
1121096627450720256,2019-04-24 17:00:39,LodgingMagazine,13862,0,0
1121096564951453696,2019-04-24 17:00:24,centerhotelshj,3,0,0
1121096472991342595,2019-04-24 17:00:02,yorksfoodguide,6461,0,4
1121096466230054912,2019-04-24 17:00:01,trendingwwwandw,21004,4,4
1121096301188460544,2019-04-24 16:59:21,prince_curious,4,0,0
1121096122632687617,2019-04-24 16:58:39,JamesGolding10,4408,4,0
1121095701826605056,2019-04-24 16:56:58,LappinLighting,375,3,0
1121095273705615366,2019-04-24 16:55:16,taitrips,790,0,1
1121095098689818624,2019-04-24 16:54:35,ChryssiAkti,89,0,0
1121094991521157120,2019-04-24 16:54:09,bestforluxury,493,0,1
1121094890501419009,2019-04-24 16:53:45,WhatsOnWeddings,1702,1,0
1121094740685070337,2019-04-24 16:53:09,KJMAYA,1007,2,0
1121094554818621443,2019-04-24 16:52:25,WhatsOnWeddings,1702,1,0
1121094497360842752,2019-04-24 16:52:11,TorreDorada,242,0,1
1121094314845585408,2019-04-24 16:51:28,PrimeSiteUK,11037,0,0
1121094138810773509,2019-04-24 16:50:46,CHarbour_Hotel,5020,1,0
1121093638468009985,2019-04-24 16:48:46,2look4beds,2022,0,0
1121093549334904832,2019-04-24 16:48:25,CryptoMike__,12,0,6
1121093058257391623,2019-04-24 16:46:28,mehreenzahra,201541,2,0
1121093026305146880,2019-04-24 16:46:21,mehreenzahra,201541,2,0
1121092928271790082,2019-04-24 16:45:57,mehreenzahra,201541,8,0
1121092347058511872,2019-04-24 16:43:39,GoSearchTravel,20,0,0
1121092299902136322,2019-04-24 16:43:27,KirstySBoard,70,2,0
1121092214124314624,2019-04-24 16:43:07,bestforluxury,493,0,0
1121091999636045824,2019-04-24 16:42:16,PHCeoJM,3816,3,0
1121091737877803008,2019-04-24 16:41:13,GraphicsTania,879,0,0
1121090893455536128,2019-04-24 16:37:52,YourFriendInUK,603,5,0
1121090875927355392,2019-04-24 16:37:48,Putri_4vika,161,0,1
1121090372384493568,2019-04-24 16:35:48,bed__breakfast,362,0,0
1121089293903171584,2019-04-24 16:31:31,i_travel4u,1304,0,0
1121088994194984966,2019-04-24 16:30:19,BiGGsGOLFTALK,3987,3,0
1121088948607045632,2019-04-24 16:30:08,Eurofase,1334,3,4
1121088923877498883,2019-04-24 16:30:02,VenturesLuxe,38,0,2
1121088857271885824,2019-04-24 16:29:47,WE_LOVE_THE_SUB,167,0,0
1121088684307120128,2019-04-24 16:29:05,natsjobs,640,0,0
1121088425527062534,2019-04-24 16:28:04,bestforluxury,493,0,0
1121087909061386241,2019-04-24 16:26:00,bestforluxury,493,0,0
1121087803595661313,2019-04-24 16:25:35,aewright,5011,0,1
1121087678093697025,2019-04-24 16:25:05,jacklondonlodge,79,0,0
1121087006321389568,2019-04-24 16:22:25,ExperianMktg_US,144,1,0
1121086659439755265,2019-04-24 16:21:03,nosugarblues,1325,0,0
1121086212717142018,2019-04-24 16:19:16,SKRLight,2412,1,0
1121086170862112774,2019-04-24 16:19:06,itinerarias,187,0,0
1121085909594722304,2019-04-24 16:18:04,TravelEservicis,4920,0,0
1121085794586898433,2019-04-24 16:17:36,Ezdanhotels,523,0,0
1121085672637353984,2019-04-24 16:17:07,shahrxze,553,8,0
1121085659056357382,2019-04-24 16:17:04,Best_of_Tara,22528,1,0
1121085522728902656,2019-04-24 16:16:32,ShallowsResort,212,0,1
1121085458715480064,2019-04-24 16:16:16,bestforluxury,493,1,2
1121084406020464640,2019-04-24 16:12:05,BradPhoenixwing,10784,0,0
1121083449006329856,2019-04-24 16:08:17,Won_Portugal,300,1,0
1121083274602926081,2019-04-24 16:07:36,primland,1387,0,0
1121083152884043776,2019-04-24 16:07:07,UAENewsArabic,704392,4,0
1121083145917321217,2019-04-24 16:07:05,MetroDubai,13143,4,0
1121083145351155712,2019-04-24 16:07:05,UAEBusinessNews,32778,4,0
1121083145246240768,2019-04-24 16:07:05,UAENews,170162,4,0
1121083023326371840,2019-04-24 16:06:36,MariCar37445591,20,1,0
1121082542965313537,2019-04-24 16:04:41,TOCorporateRun,6496,2,0
1121082406469922816,2019-04-24 16:04:09,DubaiTrends,11429,4,6
1121082090945241093,2019-04-24 16:02:53,HeathrowTube,342,5,0
1121081979326406657,2019-04-24 16:02:27,GatwickShuttles,1428,5,0
1121081960166821891,2019-04-24 16:02:22,AuthorCoupons,181,8,0
1121081909893836801,2019-04-24 16:02:10,heathrowshutle,3412,5,0
1121081866818326528,2019-04-24 16:02:00,trendingwwwandw,21004,2,2
1121081865945923585,2019-04-24 16:02:00,Travelling_uk,10044,5,0
1121081852629069826,2019-04-24 16:01:57,fishnfins,199,1,0
1121081752196407296,2019-04-24 16:01:33,heathrowshuttle,5229,5,7
1121081664820731906,2019-04-24 16:01:12,bestforluxury,493,0,0
1121081576274767872,2019-04-24 16:00:51,arabnewspk,22208,8,7
1121081484977287168,2019-04-24 16:00:29,HiexGlobe,4,0,0
1121081484939603969,2019-04-24 16:00:29,PinetopComfort,12,0,0
1121081461786861568,2019-04-24 16:00:23,JohnDoeSJ,12,2,0
1121081380841185281,2019-04-24 16:00:04,MusafirNamah,3036,0,1
1121081368849670146,2019-04-24 16:00:01,SheratonAbuja,4563,0,0
1121081198422441985,2019-04-24 15:59:21,americarealtor,577,0,1
1121080975621066752,2019-04-24 15:58:27,LukasCahya,167,0,0
1121080950316728321,2019-04-24 15:58:21,xanagolfe,1054,1,0
1121080721290870785,2019-04-24 15:57:27,CalgaryHi,264,1,2
1121080602097270784,2019-04-24 15:56:58,bestforluxury,493,0,0
1121079739190394880,2019-04-24 15:53:33,Kiscol_Grands,8573,0,0
1121079215431081984,2019-04-24 15:51:28,lee_clarkelee52,5723,0,0
1121079127501623296,2019-04-24 15:51:07,XrayDave23,78,0,0
1121078846730768385,2019-04-24 15:50:00,davidhboggs,2731,0,0
1121077600686870529,2019-04-24 15:45:03,bestforluxury,493,0,0
1121077425452896257,2019-04-24 15:44:21,maracarrizoscal,131,0,0
1121077290832736259,2019-04-24 15:43:49,natsjobs,640,0,0
1121077126919282688,2019-04-24 15:43:10,Hiltons_Ottawa,128,0,0
1121074964004782081,2019-04-24 15:34:34,HotelsAvailable,28638,1,3
1121074531727237120,2019-04-24 15:32:51,Ohm_Culture,4,0,0
1121074351783149568,2019-04-24 15:32:08,MyTourizo,55,0,0
1121074004771647489,2019-04-24 15:30:45,SaviTravels,487,0,0
1121073853189509121,2019-04-24 15:30:09,GrandBeachMiami,2018,1,3
1121073834017398785,2019-04-24 15:30:05,VennersLtd,765,0,0
1121073581797068800,2019-04-24 15:29:05,bestforluxury,493,0,0
1121073049187561472,2019-04-24 15:26:58,bestforluxury,493,0,0
1121072991306231809,2019-04-24 15:26:44,Nitro_Coldbrew,58,0,0
1121071732918575104,2019-04-24 15:21:44,hotel_faust,77,0,0
1121071625942659072,2019-04-24 15:21:18,rah_six_colors,540,8,0
1121071544481067008,2019-04-24 15:20:59,HotelsAvailable,28638,1,2
1121071323344715777,2019-04-24 15:20:06,Springboard_UK,9218,2,4
1121071317749501954,2019-04-24 15:20:05,LS_Travel,2748,0,0
1121071201118511105,2019-04-24 15:19:37,surendramohan,4715,1,0
1121071146844090368,2019-04-24 15:19:24,diArchitects,1627,1,1
1121071006070771712,2019-04-24 15:18:50,Kevinctyler2,1641,0,0
1121070535704629249,2019-04-24 15:16:58,SuperyachtVIP,230,1,0
1121070063837241345,2019-04-24 15:15:06,LivingSafely,7527,0,0
1121070045352820736,2019-04-24 15:15:01,bestforluxury,493,0,0
1121069921478299648,2019-04-24 15:14:32,jordanphoenix21,1397,0,3
1121068877654515712,2019-04-24 15:10:23,Skyosky1,2830,1,2
1121068845341577216,2019-04-24 15:10:15,dhigufaru,513,0,2
1121068823300362240,2019-04-24 15:10:10,YCTan888,4945,0,1
1121068817273303040,2019-04-24 15:10:09,BizForSaleUS,2528,0,0
1121068722175791106,2019-04-24 15:09:46,travellty,9,0,0
1121068208600043520,2019-04-24 15:07:44,TresRiosResort,14785,2,1
1121068128883101696,2019-04-24 15:07:25,jeffpecor,482,0,1
1121068028182126594,2019-04-24 15:07:01,CarryonMiami,0,0,1
1121068003284570112,2019-04-24 15:06:55,EthicsSuite,595,0,0
1121067777786302465,2019-04-24 15:06:01,drrcorreia,218,0,1
1121067162104410115,2019-04-24 15:03:34,natsjobs,640,0,0
1121067159025848320,2019-04-24 15:03:33,HotelsAvailable,28638,1,2
1121067156656017413,2019-04-24 15:03:33,jordanphoenix21,1397,0,3
1121066969099161601,2019-04-24 15:02:48,abbstudios90,1,0,0
1121066832629309445,2019-04-24 15:02:15,Aptech,731,0,0
1121066797095170048,2019-04-24 15:02:07,DanceStarsFest,50,0,0
1121066592903806976,2019-04-24 15:01:18,StayNTouchInc,2518,0,0
1121066319212945415,2019-04-24 15:00:13,FlyingDSoton,65,0,0
1121066282730819584,2019-04-24 15:00:04,Skyosky1,2830,1,0
1121066269959237632,2019-04-24 15:00:01,trendingwwwandw,21004,2,2
1121066025099784192,2019-04-24 14:59:03,iamsurawee,10,0,0
1121065994980610048,2019-04-24 14:58:56,PaisteNation,55069,0,7
1121065930942033922,2019-04-24 14:58:40,WexInsurances,1882,1,1
1121065909081321473,2019-04-24 14:58:35,ValentineGirls,1657,0,0
1121065719591002112,2019-04-24 14:57:50,AishwaryaKularn,6,2,0
1121065662284292097,2019-04-24 14:57:36,bestforluxury,493,0,0
1121065573339807744,2019-04-24 14:57:15,ioCuoco,1842,1,1
1121065463952183297,2019-04-24 14:56:49,missangelfarrah,12,1,1
1121065181423947776,2019-04-24 14:55:42,nextstopmv,54,1,0
1121065095684030465,2019-04-24 14:55:21,briancoombs10,25,0,0
1121065065430564864,2019-04-24 14:55:14,JVD_officiel,90,0,1
1121064675158974465,2019-04-24 14:53:41,evafairlie,564,1,0
1121064497488302080,2019-04-24 14:52:59,InvestoInter,38,0,0
1121064418517880832,2019-04-24 14:52:40,jordanphoenix21,1397,0,2
1121064054381006849,2019-04-24 14:51:13,bestforluxury,493,0,0
1121063795479072774,2019-04-24 14:50:11,tmj_vav_jobs,591,0,0
1121063762830725120,2019-04-24 14:50:04,ombriaresort,142,1,4
1121062898791534592,2019-04-24 14:46:38,SouthbridgeHCC,733,0,1
1121062794802147329,2019-04-24 14:46:13,RHWHotels,39,0,0
1121062552044220416,2019-04-24 14:45:15,GlobalEAT,206,0,0
1121062242294870016,2019-04-24 14:44:01,KBRHcatering,102,0,1
1121061999763435522,2019-04-24 14:43:03,MrsOscarWilde,55,1,0
1121061974748561411,2019-04-24 14:42:57,hannu_harjunmaa,10855,1,0
1121061265647001602,2019-04-24 14:40:08,Journal_Palaces,3871,0,0
1121060752423624704,2019-04-24 14:38:06,chef_b4_gaming,4965,4,0
1121060455936614402,2019-04-24 14:36:55,bestforluxury,493,0,0
1121060213107257344,2019-04-24 14:35:57,kimsalsan,2335,2,0
1121060188591730689,2019-04-24 14:35:51,TheBBDirectory,41177,0,1
1121059989433606146,2019-04-24 14:35:04,mgmsgomes,80,2,0
1121059770079703041,2019-04-24 14:34:12,Naturionhotel,4,0,2
1121059393225646085,2019-04-24 14:32:42,TelalAlAin,132,0,0
1121059376834519042,2019-04-24 14:32:38,TrackMyShuttle,0,0,0
1121059321809268736,2019-04-24 14:32:25,andy_wright99,903,4,4
1121059134936244224,2019-04-24 14:31:40,bookbootdotcom,1684,2,0
1121058272843186176,2019-04-24 14:28:15,StellaSanLF,1531,19,0
1121057936648941569,2019-04-24 14:26:55,HospitalityTek,2440,0,0
1121057837441069057,2019-04-24 14:26:31,adekleine,678,5,0
1121057336997625856,2019-04-24 14:24:32,Terre_Blanche,5254,1,2
1121057027118305281,2019-04-24 14:23:18,bestforluxury,493,0,0
1121056955873800198,2019-04-24 14:23:01,bestforluxury,493,0,0
1121056885271085062,2019-04-24 14:22:44,capewinereview,9761,0,0
1121056695415918592,2019-04-24 14:21:59,DeborahCFoster,1226,1,0
1121056686897336321,2019-04-24 14:21:57,jayney11moo,691,5,0
1121055835952644097,2019-04-24 14:18:34,natsjobs,640,0,0
1121055471694073856,2019-04-24 14:17:07,StellaSanLF,1531,10,0
1121054961943687168,2019-04-24 14:15:05,turleyplanning,4445,0,8
1121054949545336833,2019-04-24 14:15:02,bestforluxury,493,0,0
1121054449131089922,2019-04-24 14:13:03,UAENewsArabic,704392,4,0
1121053818332925953,2019-04-24 14:10:33,UAENews,170162,4,0
1121053817095593985,2019-04-24 14:10:32,MetroDubai,13143,4,0
1121053816227373063,2019-04-24 14:10:32,UAEBusinessNews,32778,4,0
1121053769469452288,2019-04-24 14:10:21,VerveConnect,47,2,0
1121053689496657926,2019-04-24 14:10:02,FutureFocusCork,504,0,0
1121053612497457152,2019-04-24 14:09:44,takako_urata,431,8,0
1121053128244236288,2019-04-24 14:07:48,Travelling_uk,10044,5,0
1121053105653571584,2019-04-24 14:07:43,BSpodNetwork,15542,1,0
1121053085126791168,2019-04-24 14:07:38,GatwickShuttles,1428,5,0
1121053080773173248,2019-04-24 14:07:37,MagicOurWay,2070,1,0
1121053040071663616,2019-04-24 14:07:27,heathrowshutle,3412,5,0
1121053000129294336,2019-04-24 14:07:18,HeathrowTube,342,5,0
1121052993669992448,2019-04-24 14:07:16,pigdaddy63,1255,1,0
1121052955850027008,2019-04-24 14:07:07,bestforluxury,493,1,2
1121052955279491077,2019-04-24 14:07:07,LimerickSavoy,38,0,2
1121052886157234176,2019-04-24 14:06:50,hsWKw7GSytyCYCs,143,8,0
1121052802535399431,2019-04-24 14:06:30,kimsalsan,2335,2,0
1121052731588870144,2019-04-24 14:06:14,instoreradiopro,812,1,2
1121052673585770496,2019-04-24 14:06:00,bookbootdotcom,1684,2,0
1121052595714514944,2019-04-24 14:05:41,heathrowshuttle,5229,5,6
1121052569357340672,2019-04-24 14:05:35,optimumventure1,4,0,0
1121052563262988288,2019-04-24 14:05:33,DubaiTrends,11429,4,7
1121052496321847296,2019-04-24 14:05:17,CA_ATL_HRTA2,208,0,0
1121052382597656578,2019-04-24 14:04:50,capewinereview,9761,0,2
1121051922725609473,2019-04-24 14:03:01,Andoux,331,8,23
1121051812713263104,2019-04-24 14:02:34,bo_lin,205,0,0
1121051629208387584,2019-04-24 14:01:51,travlsearchguru,0,0,0
1121051440892522497,2019-04-24 14:01:06,SavantisLLC,2033,0,0
1121051435104382976,2019-04-24 14:01:04,nskcomplete,328,0,0
1121051419371556864,2019-04-24 14:01:01,qubapalacehotel,19,0,0
1121051371569078273,2019-04-24 14:00:49,drrcorreia,218,0,0
1121051244506828801,2019-04-24 14:00:19,HerbertPark,1986,0,2
1121051225959686144,2019-04-24 14:00:15,InStyleDecorTEX,3698,0,0
1121051190026960896,2019-04-24 14:00:06,HospitalityMatt,1898,1,0
1121051173040136192,2019-04-24 14:00:02,gomingotravel,507,0,0
1121051167235223553,2019-04-24 14:00:01,trendingwwwandw,21004,2,2
1121050728095801346,2019-04-24 13:58:16,ZikinhaCarla,12,0,0
1121050362092429313,2019-04-24 13:56:49,2look4beds,2022,0,0
1121049955118903296,2019-04-24 13:55:12,MiitravelUk,4779,2,2
1121049905672232961,2019-04-24 13:55:00,FranchiseIndia,8272,0,1
1121049661249179649,2019-04-24 13:54:01,NazakiResidence,218,1,2
1121049317995884546,2019-04-24 13:52:40,YaronFarzan,25,2,0
1121049218435756033,2019-04-24 13:52:16,AnnaisBerthu,44,6,0
1121048920967327745,2019-04-24 13:51:05,bestforluxury,493,0,0
1121048886762668034,2019-04-24 13:50:57,MeritLefkosa_,308,2,0
1121048847298568192,2019-04-24 13:50:47,RealValEwe,108,1,0
1121048833432145920,2019-04-24 13:50:44,MoodyMiscreant,317,0,0
1121048673444618242,2019-04-24 13:50:06,lightdesint,1074,0,2
1121048653408477186,2019-04-24 13:50:01,LansdowneSussex,945,1,2
1121048647536402432,2019-04-24 13:50:00,AreMorch,9281,0,0
1121048480276000768,2019-04-24 13:49:20,bestforluxury,493,0,0
1121048313006964738,2019-04-24 13:48:40,Plasc18,490,0,0
1121047937944051714,2019-04-24 13:47:11,ParkinsonoLimit,9,0,0
1121047459944390656,2019-04-24 13:45:17,trossachsdirect,560,1,0
1121046996855320577,2019-04-24 13:43:26,MoodyMiscreant,317,0,0
1121046905776160768,2019-04-24 13:43:05,GivingSam,6675,0,0
1121046685797494784,2019-04-24 13:42:12,cr2raw,34,6,0
1121046619053490176,2019-04-24 13:41:56,bed__breakfast,362,0,0
1121046322516254720,2019-04-24 13:40:45,GoadbyTia,101,3,0
1121045662001455104,2019-04-24 13:38:08,NorthMarq,1294,0,0
1121045505956511744,2019-04-24 13:37:31,CyrusKlaesi,308,5,0
1121045433244057600,2019-04-24 13:37:13,bestforluxury,493,0,0
